ID,Name,Qualification,Specialization,Contact,Address,Locality
1,Avani Rajput,JD ,Endocrinologist,987654321,"Pune, Maharashtra",Kalyani Nagar
2,prasad majanwar,PsyD ,Anesthesiology,987654322,"Pune, Maharashtra",Wakad
3,Arjun Patel,DNP ,Obstetrics/Gynecology,987654323,"Pune, Maharashtra",Bund Garden
4,Bhavya Shah,MD-PhD,Cardiovascular/Thoracic Surgery,987654324,"Pune, Maharashtra",Deccan Gymkhana
5,Chetan Singh,DMD ,General Internal Medicine,987654325,"Pune, Maharashtra",Kondhwa
6,Aditi Das,MD-PhD,Neurosurgery,987654326,"Pune, Maharashtra",Kharadi
7,Ananya Mishra,DO ,Otolaryngologist,987654327,"Pune, Maharashtra",Hadapsar
8,Avani Rajput,EdD ,Respirology,987654328,"Pune, Maharashtra",Theur
9,Chetan Singh,EdD ,Family Medicine,987654329,"Pune, Maharashtra",Pune Satara Road
10,Aarav Agarwal,PharmD ,Hematology,9876543210,"Pune, Maharashtra",Koregaon Park
11,Bhavya Shah,MBBS ,Medical Biochemistry,9876543211,"Pune, Maharashtra",Magarpatta
12,Daksh Tiwari,PharmD ,Nephrology,9876543212,"Pune, Maharashtra",Magarpatta
13,Ananya Mishra,MBBS ,Anesthesiology,9876543213,"Pune, Maharashtra",Fatima Nagar
14,Avani Rajput,BDS ,Medical Oncology,9876543214,"Pune, Maharashtra",Pimple Nilach
15,Akshay Kumar,JD ,Psychiatry,9876543215,"Pune, Maharashtra",Baner
16,Avani Rajput,DC ,Dermatologist,9876543216,"Pune, Maharashtra",Moshi
17,Bhavya Shah,DVM ,Anatomical Pathology,9876543217,"Pune, Maharashtra",Koregaon Park
18,chetan balraje,MBBS ,Anatomical Pathology,9876543218,"Pune, Maharashtra",Kothrud
19,Abhinav Chauhan,PharmD ,Respirology,9876543219,"Pune, Maharashtra",Viman Nagar
20,Bhavya Shah,PharmD ,Gastroenterologist,9876543220,"Pune, Maharashtra",Nigdi
21,Eshaan Yadav,DMD ,Orthopedic Surgery,9876543221,"Pune, Maharashtra",Moshi
22,aryen balpande,PsyD ,Medical Biochemistry,9876543222,"Pune, Maharashtra",Kharadi
23,shubham roy,PsyD ,Diagnostic Radiology,9876543223,"Pune, Maharashtra",Kothrud
24,Avani Rajput,DO ,Critical Care Medicine,9876543224,"Pune, Maharashtra",Kondhwa Khurd
25,Aisha Joshi,MBBS ,Medical Oncology,9876543225,"Pune, Maharashtra",Yerwada
26,Arjun Patel,DVM ,Rheumatologist,9876543226,"Pune, Maharashtra",Camp
27,shubham roy,MD ,Medical Oncology,9876543227,"Pune, Maharashtra",Katraj
28,Bhavya Shah,MD ,Nuclear Medicine,9876543228,"Pune, Maharashtra",Kothrud
29,Advik Gupta,EdD ,Hematology,9876543229,"Pune, Maharashtra",Kharadi
30,Aditya nardaswar,MD-PhD,Gastroenterologist,9876543230,"Pune, Maharashtra",Sahakar Nagar
31,Arjun Patel,PhD ,ENT/general physician,9876543231,"Pune, Maharashtra",Camp
32,Chetan Singh,JD ,Medical Microbiology and Infectious Diseases,9876543232,"Pune, Maharashtra",Hinjewadi
33,Aaradhya Bansal,MBBS ,Family Medicine,9876543233,"Pune, Maharashtra",Wakad Chowk
34,Pranay maheta,PsyD ,Diagnostic Radiology,9876543234,"Pune, Maharashtra",Dhanori
35,Aisha Joshi,MD ,Phlebologist ,9876543235,"Pune, Maharashtra",Viman Nagar
36,Aarav Agarwal,DPT ,Proctologist ,9876543236,"Pune, Maharashtra",Model Colony
37,Ananya Mishra,PharmD ,Emergency Medicine,9876543237,"Pune, Maharashtra",Bund Garden
38,Abhinav Chauhan,EdD ,Dermatologist,9876543238,"Pune, Maharashtra",Nigdi
39,Aisha Joshi,MD ,Obstetrics/Gynecology,9876543239,"Pune, Maharashtra",Pimple Gaurav
40,Ananya Mishra,EdD ,Otolaryngologist,9876543240,"Pune, Maharashtra",Kharadi
41,Pranay maheta,PharmD ,Gastroenterologist,9876543241,"Pune, Maharashtra",Swargate
42,Akshay Kumar,BDS ,Medical Genetics,9876543242,"Pune, Maharashtra",Fatima Nagar
43,Bhavya Shah,DNP ,General Internal Medicine,9876543243,"Pune, Maharashtra",Moshi
44,Abhinav Chauhan,MD-PhD,Medical Genetics,9876543244,"Pune, Maharashtra",Bhosari
45,Eshaan Yadav,PharmD ,Endocrinologist,9876543245,"Pune, Maharashtra",Dhankawadi
46,Chetan Singh,DMD ,Anesthesiology,9876543246,"Pune, Maharashtra",NIBM (Nanded City)
47,Abhinav Chauhan,DPT ,General Internal Medicine,9876543247,"Pune, Maharashtra",Viman Nagar
48,Arjun Patel,PharmD ,Nephrology,9876543248,"Pune, Maharashtra",Wakad
49,Aarav Agarwal,MD-PhD,Radiation Oncology,9876543249,"Pune, Maharashtra",Dhankawdi
50,Aditi Das,PharmD ,Critical Care Medicine,9876543250,"Pune, Maharashtra",Bhosari
51,Aarav Agarwal,MD ,Medical Microbiology and Infectious Diseases,9876543251,"Pune, Maharashtra",Mohammadwadi
52,Aarav Agarwal,MD-PhD,Occupational Medicine,9876543252,"Pune, Maharashtra",Nigdi
53,Bhavya Shah,EdD ,Obstetrics/Gynecology,9876543253,"Pune, Maharashtra",Aundh
54,Akshay Kumar,DMD ,Clinical Immunology/Allergy,9876543254,"Pune, Maharashtra",Camp
55,Arjun Patel,MD ,Medical Genetics,9876543255,"Pune, Maharashtra",Katraj
56,Daksh Tiwari,DVM ,Gastroenterologist,9876543256,"Pune, Maharashtra",Theur
57,Chetan Singh,MBBS ,Family Medicine,9876543257,"Pune, Maharashtra",Wakad Chowk
58,Aarav Agarwal,DNP ,Emergency Medicine,9876543258,"Pune, Maharashtra",Kothrud
59,Arjun Patel,PsyD ,Radiation Oncology,9876543259,"Pune, Maharashtra",NIBM (Nanded City)
60,Ananya Mishra,MD ,Respirology,9876543260,"Pune, Maharashtra",Kalyani Nagar
61,Chetan Singh,PhD ,Cardiologist,9876543261,"Pune, Maharashtra",Bhosari
62,Aditi Das,DC ,Medical Microbiology and Infectious Diseases,9876543262,"Pune, Maharashtra",Bhosari
63,Deepika Verma,DC ,Anatomical Pathology,9876543263,"Pune, Maharashtra",Pimple Gaurav
64,Ananya Mishra,DO ,Ophthalmology,9876543264,"Pune, Maharashtra",Pimpri-Chinchwad
65,Eshaan Yadav,JD ,Pediatrics,9876543265,"Pune, Maharashtra",Wakad
66,Advik Gupta,PsyD ,Endocrinologist,9876543266,"Pune, Maharashtra",Kharadi
67,Arjun Patel,DVM ,Cardiovascular/Thoracic Surgery,9876543267,"Pune, Maharashtra",Tingale Nagar
68,Avani Rajput,BDS ,Psychiatry,9876543268,"Pune, Maharashtra",Model Colony
69,Avani Rajput,DC ,Proctologist ,9876543269,"Pune, Maharashtra",Warje
70,Aditi Das,MD-PhD,Neurosurgery,9876543270,"Pune, Maharashtra",Deccan Gymkhana
71,Advik Gupta,PsyD ,Phlebologist ,9876543271,"Pune, Maharashtra",Kondhwa
72,Bhavya Shah,MD ,Phlebologist ,9876543272,"Pune, Maharashtra",Viman Nagar
73,Aarav Agarwal,MBBS ,Plastic Surgery,9876543273,"Pune, Maharashtra",Shivaji Nagar
74,Advik Gupta,DVM ,Emergency Medicine,9876543274,"Pune, Maharashtra",Aundh
75,Chetan Singh,MBBS ,Neurologist,9876543275,"Pune, Maharashtra",Mundhwa
76,Chetan Singh,DC ,Phlebologist ,9876543276,"Pune, Maharashtra",Pimple Nilach
77,Arjun Patel,DC ,Neurosurgery,9876543277,"Pune, Maharashtra",Kondhwa
78,Advik Gupta,DC ,Respirology,9876543278,"Pune, Maharashtra",Moshi
79,Aisha Joshi,MD ,General Surgery,9876543279,"Pune, Maharashtra",Bibwewadi
80,Advik Gupta,PhD ,Occupational Medicine,9876543280,"Pune, Maharashtra",Dhankawdi
81,Pranay maheta,DPT ,Plastic Surgery,9876543281,"Pune, Maharashtra",Dhankawadi
82,Deepika Verma,EdD ,Nephrology,9876543282,"Pune, Maharashtra",Camp
83,Aditi Das,DC ,Otolaryngologist,9876543283,"Pune, Maharashtra",Pimpri-Chinchwad
84,Deepika Verma,DPT ,Hematology,9876543284,"Pune, Maharashtra",Dhankawdi
85,Daksh Tiwari,DNP ,Anesthesiology,9876543285,"Pune, Maharashtra",Ganeshwadi
86,Daksh Tiwari,PharmD ,Hematology,9876543286,"Pune, Maharashtra",Lohegaon
87,Aditi Das,PsyD ,Anatomical Pathology,9876543287,"Pune, Maharashtra",Balewadi
88,Aaradhya Bansal,EdD ,Geriatric Medicine,9876543288,"Pune, Maharashtra",Ganeshwadi
89,Bhavya Shah,DNP ,Phlebologist ,9876543289,"Pune, Maharashtra",Kothrud
90,Bhavya Shah,BDS ,Neurologist,9876543290,"Pune, Maharashtra",Firodiya Nagar
91,Deepika Verma,DMD ,ENT/general physician,9876543291,"Pune, Maharashtra",Kondhwa
92,Eshaan Yadav,EdD ,Emergency Medicine,9876543292,"Pune, Maharashtra",Camp
93,Aditi Das,DVM ,Otolaryngologist,9876543293,"Pune, Maharashtra",Hinjewadi
94,Advik Gupta,MD-PhD,Endocrinologist,9876543294,"Pune, Maharashtra",Dhankawadi
95,Bhavya Shah,DPT ,Phlebologist ,9876543295,"Pune, Maharashtra",Wakad Chowk
96,Aisha Joshi,MD ,Psychiatry,9876543296,"Pune, Maharashtra",Kalyani Nagar
97,Aaradhya Bansal,PhD ,Medical Microbiology and Infectious Diseases,9876543297,"Pune, Maharashtra",Kondhwa
98,Avani Rajput,DVM ,Medical Biochemistry,9876543298,"Pune, Maharashtra",Model Colony
99,Daksh Tiwari,DC ,Cardiovascular/Thoracic Surgery,9876543299,"Pune, Maharashtra",Kondhwa Khurd
100,Ananya Mishra,JD ,Medical Genetics,98765432100,"Pune, Maharashtra",NIBM (Nanded City)
101,Chetan Singh,PharmD ,Geriatric Medicine,98765432101,"Pune, Maharashtra",Mundhwa
102,Aisha Joshi,MD-PhD,Orthopedic Surgery,98765432102,"Pune, Maharashtra",Yerwada
103,Deepika Verma,DMD ,Otolaryngologist,98765432103,"Pune, Maharashtra",Viman Nagar
104,Aditi Das,BDS ,Pediatrics,98765432104,"Pune, Maharashtra",Pimple Gaurav
105,Aditi Das,DO ,Diagnostic Radiology,98765432105,"Pune, Maharashtra",Kalyani Nagar
106,Abhinav Chauhan,MBBS ,Ophthalmology,98765432106,"Pune, Maharashtra",Deccan Gymkhana
107,Deepika Verma,DNP ,Pediatrics,98765432107,"Pune, Maharashtra",Hadapsar
108,Arjun Patel,MBBS ,Neurosurgery,98765432108,"Pune, Maharashtra",Balewadi
109,Advik Gupta,PharmD ,Family Medicine,98765432109,"Pune, Maharashtra",Sahakar Nagar
110,Avani Rajput,EdD ,Psychiatry,98765432110,"Pune, Maharashtra",Nigdi
111,Aditi Das,PharmD ,Anesthesiology,98765432111,"Pune, Maharashtra",Bund Garden
112,Bhavya Shah,DPT ,Otolaryngologist,98765432112,"Pune, Maharashtra",Ravet
113,Avani Rajput,MD-PhD,Anatomical Pathology,98765432113,"Pune, Maharashtra",Pimpri-Chinchwad
114,Aaradhya Bansal,MD ,Neurologist,98765432114,"Pune, Maharashtra",Ganeshwadi
115,Aarav Agarwal,DNP ,Ophthalmology,98765432115,"Pune, Maharashtra",Balewadi
116,Eshaan Yadav,DO ,Medical Oncology,98765432116,"Pune, Maharashtra",Pimple Nilach
117,Ananya Mishra,JD ,Anesthesiology,98765432117,"Pune, Maharashtra",Bibwewadi
118,Advik Gupta,MD ,Hematology,98765432118,"Pune, Maharashtra",Pimple Gaurav
119,Advik Gupta,DNP ,Medical Microbiology and Infectious Diseases,98765432119,"Pune, Maharashtra",Bibwewadi
120,Deepika Verma,MD-PhD,Medical Oncology,98765432120,"Pune, Maharashtra",Wakad Chowk
121,Abhinav Chauhan,PhD ,Dermatologist,98765432121,"Pune, Maharashtra",Kharadi
122,Chetan Singh,DO ,Endocrinologist,98765432122,"Pune, Maharashtra",Akurdi
123,Bhavya Shah,DNP ,Psychiatry,98765432123,"Pune, Maharashtra",Kondhwa
124,Arjun Patel,DC ,Endocrinologist,98765432124,"Pune, Maharashtra",Fatima Nagar
125,Deepika Verma,DPT ,Radiation Oncology,98765432125,"Pune, Maharashtra",Koregaon Park
126,Aditi Das,DPT ,Dermatologist,98765432126,"Pune, Maharashtra",Hinjewadi
127,Aaradhya Bansal,BDS ,General Surgery,98765432127,"Pune, Maharashtra",Kalyani Nagar
128,Bhavya Shah,MBBS ,Neurosurgery,98765432128,"Pune, Maharashtra",Bhosari
129,Arjun Patel,PsyD ,Geriatric Medicine,98765432129,"Pune, Maharashtra",Kondhwa
130,Eshaan Yadav,DNP ,Dermatologist,98765432130,"Pune, Maharashtra",Wakad Chowk
131,Advik Gupta,DPT ,Otolaryngologist,98765432131,"Pune, Maharashtra",Akurdi
132,Abhinav Chauhan,DPT ,ENT/general physician,98765432132,"Pune, Maharashtra",Kondhwa
133,Pankaj Kumar,MBBS ,ENT/general physician,98765432133,"Pune, Maharashtra",Bhosari
134,Aditi Das,PharmD ,Pediatrics,98765432134,"Pune, Maharashtra",Hinjewadi
135,Aditi Das,DO ,Radiation Oncology,98765432135,"Pune, Maharashtra",Bhosari
136,Avani Rajput,DPT ,Occupational Medicine,98765432136,"Pune, Maharashtra",Balewadi
137,Aaradhya Bansal,DC ,Medical Biochemistry,98765432137,"Pune, Maharashtra",Pimple Nilach
138,Chetan Singh,MD ,Medical Biochemistry,98765432138,"Pune, Maharashtra",Theur
139,Aisha Joshi,DNP ,Cardiologist,98765432139,"Pune, Maharashtra",Camp
140,Chetan Singh,PsyD ,Emergency Medicine,98765432140,"Pune, Maharashtra",Akurdi
141,Daksh Tiwari,DPT ,Medical Genetics,98765432141,"Pune, Maharashtra",Pune Satara Road
142,Akshay Kumar,DMD ,Emergency Medicine,98765432142,"Pune, Maharashtra",NIBM (Nanded City)
143,Avani Rajput,PharmD ,Nephrology,98765432143,"Pune, Maharashtra",Wakad Chowk
144,Aaradhya Bansal,MD-PhD,Pediatrics,98765432144,"Pune, Maharashtra",Yerwada
145,Chetan Singh,MBBS ,Radiation Oncology,98765432145,"Pune, Maharashtra",Bavdhan
146,Deepika Verma,DMD ,Neurosurgery,98765432146,"Pune, Maharashtra",Pimple Gaurav
147,Bhavya Shah,PsyD ,Obstetrics/Gynecology,98765432147,"Pune, Maharashtra",Kondhwa
148,Aaradhya Bansal,MBBS ,Proctologist ,98765432148,"Pune, Maharashtra",Shivaji Nagar
149,Aaradhya Bansal,DNP ,Emergency Medicine,98765432149,"Pune, Maharashtra",Lohegaon
150,Daksh Tiwari,DVM ,Clinical Immunology/Allergy,98765432150,"Pune, Maharashtra",Aundh
151,Aaradhya Bansal,DPT ,General Surgery,98765432151,"Pune, Maharashtra",Balewadi
152,Aaradhya Bansal,PharmD ,Diagnostic Radiology,98765432152,"Pune, Maharashtra",Bibwewadi
153,Daksh Tiwari,JD ,General Surgery,98765432153,"Pune, Maharashtra",Hinjewadi
154,Avani Rajput,DPT ,Phlebologist ,98765432154,"Pune, Maharashtra",Shivaji Nagar
155,Aisha Joshi,MD-PhD,Medical Microbiology and Infectious Diseases,98765432155,"Pune, Maharashtra",Nigdi
156,Advik Gupta,MBBS ,Neurosurgery,98765432156,"Pune, Maharashtra",Baner
157,Ananya Mishra,EdD ,General Internal Medicine,98765432157,"Pune, Maharashtra",Viman Nagar
158,Arjun Patel,DNP ,Occupational Medicine,98765432158,"Pune, Maharashtra",Lohegaon
159,Aisha Joshi,MBBS ,Anatomical Pathology,98765432159,"Pune, Maharashtra",Tingale Nagar
160,Deepika Verma,PharmD ,Geriatric Medicine,98765432160,"Pune, Maharashtra",Wakad
161,Ananya Mishra,JD ,Emergency Medicine,98765432161,"Pune, Maharashtra",Sahakar Nagar
162,Daksh Tiwari,DNP ,Radiation Oncology,98765432162,"Pune, Maharashtra",Koregaon Park
163,Aditi Das,EdD ,Critical Care Medicine,98765432163,"Pune, Maharashtra",Pimpri-Chinchwad
164,Chetan Singh,DO ,Occupational Medicine,98765432164,"Pune, Maharashtra",Magarpatta
165,Abhinav Chauhan,DVM ,Cardiovascular/Thoracic Surgery,98765432165,"Pune, Maharashtra",Theur
166,Ananya Mishra,PhD ,Occupational Medicine,98765432166,"Pune, Maharashtra",Dhayari
167,Arjun Patel,BDS ,Emergency Medicine,98765432167,"Pune, Maharashtra",Dhankawadi
168,Daksh Tiwari,DO ,General Surgery,98765432168,"Pune, Maharashtra",Kondhwa
169,Aaradhya Bansal,PharmD ,Pediatrics,98765432169,"Pune, Maharashtra",Firodiya Nagar
170,Aditi Das,DNP ,Emergency Medicine,98765432170,"Pune, Maharashtra",Kharadi
171,Bhavya Shah,JD ,Plastic Surgery,98765432171,"Pune, Maharashtra",Baner
172,Daksh Tiwari,DO ,Radiation Oncology,98765432172,"Pune, Maharashtra",Shivaji Nagar
173,Aarav Agarwal,DVM ,Proctologist ,98765432173,"Pune, Maharashtra",Bavdhan
174,Deepika Verma,EdD ,Nuclear Medicine,98765432174,"Pune, Maharashtra",Swargate
175,Akshay Kumar,DC ,Proctologist ,98765432175,"Pune, Maharashtra",Viman Nagar
176,Daksh Tiwari,EdD ,Plastic Surgery,98765432176,"Pune, Maharashtra",Moshi
177,Avani Rajput,DC ,Ophthalmology,98765432177,"Pune, Maharashtra",Lohegaon
178,Aisha Joshi,BDS ,Ophthalmology,98765432178,"Pune, Maharashtra",Bund Garden
179,Avani Rajput,MBBS ,Medical Biochemistry,98765432179,"Pune, Maharashtra",Swargate
180,Eshaan Yadav,DO ,Hematology,98765432180,"Pune, Maharashtra",Magarpatta
181,Pranay maheta,BDS ,Endocrinologist,98765432181,"Pune, Maharashtra",Pimple Gaurav
182,Chetan Singh,EdD ,Clinical Immunology/Allergy,98765432182,"Pune, Maharashtra",Deccan Gymkhana
183,Avani Rajput,DVM ,Obstetrics/Gynecology,98765432183,"Pune, Maharashtra",Dhankawdi
184,Aaradhya Bansal,DMD ,Diagnostic Radiology,98765432184,"Pune, Maharashtra",Firodiya Nagar
185,Aaradhya Bansal,DO ,General Internal Medicine,98765432185,"Pune, Maharashtra",Nigdi
186,Daksh Tiwari,PharmD ,Dermatologist,98765432186,"Pune, Maharashtra",Bavdhan
187,Aaradhya Bansal,MD-PhD,Neurosurgery,98765432187,"Pune, Maharashtra",Firodiya Nagar
188,Deepika Verma,DO ,Gastroenterologist,98765432188,"Pune, Maharashtra",NIBM (Nanded City)
189,Aisha Joshi,DNP ,Emergency Medicine,98765432189,"Pune, Maharashtra",Viman Nagar
190,Daksh Tiwari,DO ,Anesthesiology,98765432190,"Pune, Maharashtra",Warje
191,Daksh Tiwari,PharmD ,Medical Genetics,98765432191,"Pune, Maharashtra",NIBM (Nanded City)
192,Daksh Tiwari,BDS ,Plastic Surgery,98765432192,"Pune, Maharashtra",Katraj
193,Bhavya Shah,JD ,Medical Microbiology and Infectious Diseases,98765432193,"Pune, Maharashtra",Model Colony
194,Chetan Singh,DO ,Nephrology,98765432194,"Pune, Maharashtra",Sahakar Nagar
195,Chetan Singh,PsyD ,Hematology,98765432195,"Pune, Maharashtra",Bhosari
196,Aaradhya Bansal,MBBS ,Plastic Surgery,98765432196,"Pune, Maharashtra",Pimpri-Chinchwad
197,Ananya Mishra,MD ,Obstetrics/Gynecology,98765432197,"Pune, Maharashtra",Firodiya Nagar
198,Bhavya Shah,DC ,Geriatric Medicine,98765432198,"Pune, Maharashtra",Pimple Nilach
199,Eshaan Yadav,DO ,Geriatric Medicine,98765432199,"Pune, Maharashtra",Hinjewadi
200,Akshay Kumar,DC ,Pediatrics,98765432200,"Pune, Maharashtra",Katraj
201,Eshaan Yadav,MD ,Proctologist ,98765432201,"Pune, Maharashtra",Yerwada
202,Akshay Kumar,MD ,Medical Microbiology and Infectious Diseases,98765432202,"Pune, Maharashtra",Aundh
203,Eshaan Yadav,MD ,Medical Oncology,98765432203,"Pune, Maharashtra",Pimple Nilach
204,Ananya Mishra,DMD ,Critical Care Medicine,98765432204,"Pune, Maharashtra",Camp
205,Arjun Patel,MD ,Emergency Medicine,98765432205,"Pune, Maharashtra",Balewadi
206,Ananya Mishra,DC ,Hematology,98765432206,"Pune, Maharashtra",Bund Garden
207,Akshay Kumar,DC ,Nuclear Medicine,98765432207,"Pune, Maharashtra",Akurdi
208,Ananya Mishra,DO ,Anesthesiology,98765432208,"Pune, Maharashtra",Bund Garden
209,Bhavya Shah,PsyD ,Pediatrics,98765432209,"Pune, Maharashtra",Wakad Chowk
210,Akshay Kumar,DNP ,Endocrinologist,98765432210,"Pune, Maharashtra",Dhanori
211,Abhinav Chauhan,MD ,Cardiologist,98765432211,"Pune, Maharashtra",Bibwewadi
212,Aditi Das,DMD ,Gastroenterologist,98765432212,"Pune, Maharashtra",Kondhwa Khurd
213,Deepika Verma,PharmD ,Family Medicine,98765432213,"Pune, Maharashtra",Warje
214,Aditi Das,DPT ,ENT/general physician,98765432214,"Pune, Maharashtra",Camp
215,Chetan Singh,PhD ,Medical Biochemistry,98765432215,"Pune, Maharashtra",Dhayari
216,Abhinav Chauhan,DPT ,General Surgery,98765432216,"Pune, Maharashtra",Viman Nagar
217,Ananya Mishra,PhD ,General Surgery,98765432217,"Pune, Maharashtra",Wakad
218,Bhavya Shah,JD ,Dermatologist,98765432218,"Pune, Maharashtra",Firodiya Nagar
219,Abhinav Chauhan,BDS ,Neurologist,98765432219,"Pune, Maharashtra",Fatima Nagar
220,Daksh Tiwari,JD ,Ophthalmology,98765432220,"Pune, Maharashtra",Viman Nagar
221,Advik Gupta,DO ,General Internal Medicine,98765432221,"Pune, Maharashtra",Mundhwa
222,Avani Rajput,MBBS ,Radiation Oncology,98765432222,"Pune, Maharashtra",NIBM (Nanded City)
223,Akshay Kumar,PsyD ,Phlebologist ,98765432223,"Pune, Maharashtra",Mundhwa
224,Abhinav Chauhan,DMD ,Nuclear Medicine,98765432224,"Pune, Maharashtra",Mundhwa
225,Bhavya Shah,JD ,ENT/general physician,98765432225,"Pune, Maharashtra",Moshi
226,Aaradhya Bansal,PsyD ,Radiation Oncology,98765432226,"Pune, Maharashtra",Balewadi
227,Aisha Joshi,PsyD ,Medical Genetics,98765432227,"Pune, Maharashtra",Hadapsar
228,Ananya Mishra,DMD ,General Internal Medicine,98765432228,"Pune, Maharashtra",Deccan Gymkhana
229,Aarav Agarwal,DC ,Nephrology,98765432229,"Pune, Maharashtra",Mundhwa
230,Deepika Verma,BDS ,Medical Microbiology and Infectious Diseases,98765432230,"Pune, Maharashtra",Firodiya Nagar
231,Abhinav Chauhan,DO ,Plastic Surgery,98765432231,"Pune, Maharashtra",Lohegaon
232,Deepika Verma,PharmD ,Geriatric Medicine,98765432232,"Pune, Maharashtra",Hadapsar
233,Chetan Singh,PharmD ,Nuclear Medicine,98765432233,"Pune, Maharashtra",Akurdi
234,Avani Rajput,BDS ,Neurosurgery,98765432234,"Pune, Maharashtra",Baner
235,Akshay Kumar,DO ,Endocrinologist,98765432235,"Pune, Maharashtra",Moshi
236,Ananya Mishra,PsyD ,Respirology,98765432236,"Pune, Maharashtra",Kharadi
237,Arjun Patel,DMD ,Respirology,98765432237,"Pune, Maharashtra",Hinjewadi
238,Chetan Singh,JD ,Occupational Medicine,98765432238,"Pune, Maharashtra",Pimpri-Chinchwad
239,Aarav Agarwal,DMD ,Emergency Medicine,98765432239,"Pune, Maharashtra",Dhayari
240,Eshaan Yadav,MBBS ,Cardiologist,98765432240,"Pune, Maharashtra",Balewadi
241,Aarav Agarwal,DPT ,Radiation Oncology,98765432241,"Pune, Maharashtra",Sahakar Nagar
242,Bhavya Shah,BDS ,Endocrinologist,98765432242,"Pune, Maharashtra",Kothrud
243,Ananya Mishra,MBBS ,ENT/general physician,98765432243,"Pune, Maharashtra",Dhankawdi
244,Eshaan Yadav,EdD ,Medical Microbiology and Infectious Diseases,98765432244,"Pune, Maharashtra",Kondhwa Khurd
245,Aditi Das,PsyD ,Clinical Immunology/Allergy,98765432245,"Pune, Maharashtra",Firodiya Nagar
246,Aisha Joshi,DPT ,Ophthalmology,98765432246,"Pune, Maharashtra",Swargate
247,Aditi Das,JD ,Plastic Surgery,98765432247,"Pune, Maharashtra",Mohammadwadi
248,Aarav Agarwal,PsyD ,Nuclear Medicine,98765432248,"Pune, Maharashtra",Aundh
249,Ananya Mishra,PhD ,ENT/general physician,98765432249,"Pune, Maharashtra",Pimple Gaurav
250,Ananya Mishra,DMD ,Medical Microbiology and Infectious Diseases,98765432250,"Pune, Maharashtra",Baner
251,Daksh Tiwari,BDS ,Cardiovascular/Thoracic Surgery,98765432251,"Pune, Maharashtra",Akurdi
252,Aditi Das,PsyD ,Neurologist,98765432252,"Pune, Maharashtra",Wakad
253,Aarav Agarwal,BDS ,Orthopedic Surgery,98765432253,"Pune, Maharashtra",Yerwada
254,Pranay maheta,MBBS ,Cardiovascular/Thoracic Surgery,98765432254,"Pune, Maharashtra",Swargate
255,Aaradhya Bansal,PhD ,Dermatologist,98765432255,"Pune, Maharashtra",Bund Garden
256,Aditi Das,BDS ,Neurologist,98765432256,"Pune, Maharashtra",Kondhwa
257,Aisha Joshi,DNP ,General Internal Medicine,98765432257,"Pune, Maharashtra",Swargate
258,Akshay Kumar,PsyD ,Obstetrics/Gynecology,98765432258,"Pune, Maharashtra",Wakad
259,Bhavya Shah,PharmD ,Diagnostic Radiology,98765432259,"Pune, Maharashtra",Tingale Nagar
260,Advik Gupta,DVM ,General Surgery,98765432260,"Pune, Maharashtra",Pimple Nilach
261,Aarav Agarwal,DNP ,Psychiatry,98765432261,"Pune, Maharashtra",Camp
262,Advik Gupta,PharmD ,Medical Genetics,98765432262,"Pune, Maharashtra",Baner
263,Aisha Joshi,PhD ,Otolaryngologist,98765432263,"Pune, Maharashtra",Mundhwa
264,Aditi Das,DVM ,Critical Care Medicine,98765432264,"Pune, Maharashtra",Koregaon Park
265,Arjun Patel,PharmD ,Respirology,98765432265,"Pune, Maharashtra",Koregaon Park
266,Abhinav Chauhan,DVM ,Anatomical Pathology,98765432266,"Pune, Maharashtra",Model Colony
267,Aditi Das,PsyD ,Radiation Oncology,98765432267,"Pune, Maharashtra",Bhosari
268,Avani Rajput,MBBS ,Neurosurgery,98765432268,"Pune, Maharashtra",Deccan Gymkhana
269,Aaradhya Bansal,PharmD ,Cardiologist,98765432269,"Pune, Maharashtra",Dhayari
270,Akshay Kumar,PhD ,Geriatric Medicine,98765432270,"Pune, Maharashtra",Ravet
271,Chetan Singh,PhD ,Medical Biochemistry,98765432271,"Pune, Maharashtra",Koregaon Park
272,Avani Rajput,MD ,Emergency Medicine,98765432272,"Pune, Maharashtra",Kondhwa
273,Akshay Kumar,EdD ,Nuclear Medicine,98765432273,"Pune, Maharashtra",NIBM (Nanded City)
274,Aisha Joshi,DPT ,General Internal Medicine,98765432274,"Pune, Maharashtra",Sahakar Nagar
275,Ananya Mishra,BDS ,Endocrinologist,98765432275,"Pune, Maharashtra",Aundh Road
276,Aisha Joshi,BDS ,General Internal Medicine,98765432276,"Pune, Maharashtra",Moshi
277,Advik Gupta,DO ,Respirology,98765432277,"Pune, Maharashtra",Dhayari
278,Bhavya Shah,PhD ,Psychiatry,98765432278,"Pune, Maharashtra",Kharadi
279,Bhavya Shah,DVM ,Occupational Medicine,98765432279,"Pune, Maharashtra",Balewadi
280,Aarav Agarwal,DO ,Proctologist ,98765432280,"Pune, Maharashtra",Sahakar Nagar
281,Bhavya Shah,MD-PhD,Diagnostic Radiology,98765432281,"Pune, Maharashtra",Ravet
282,Akshay Kumar,PharmD ,Respirology,98765432282,"Pune, Maharashtra",Nigdi
283,Pranay maheta,DMD ,Psychiatry,98765432283,"Pune, Maharashtra",Dhankawdi
284,Akshay Kumar,BDS ,Clinical Immunology/Allergy,98765432284,"Pune, Maharashtra",Kondhwa
285,Bhavya Shah,PharmD ,Cardiologist,98765432285,"Pune, Maharashtra",Wakad
286,Ananya Mishra,DNP ,Family Medicine,98765432286,"Pune, Maharashtra",Kondhwa Khurd
287,Aarav Agarwal,DC ,Proctologist ,98765432287,"Pune, Maharashtra",Hadapsar
288,Aditi Das,PhD ,Diagnostic Radiology,98765432288,"Pune, Maharashtra",Hinjewadi
289,Aaradhya Bansal,DNP ,Critical Care Medicine,98765432289,"Pune, Maharashtra",Nigdi
290,Ananya Mishra,DNP ,General Surgery,98765432290,"Pune, Maharashtra",Bavdhan
291,Avani Rajput,EdD ,Critical Care Medicine,98765432291,"Pune, Maharashtra",Tingale Nagar
292,Arjun Patel,PhD ,Hematology,98765432292,"Pune, Maharashtra",Swargate
293,Aaradhya Bansal,EdD ,Diagnostic Radiology,98765432293,"Pune, Maharashtra",Aundh Road
294,Ananya Mishra,DPT ,Psychiatry,98765432294,"Pune, Maharashtra",Tingale Nagar
295,Advik Gupta,BDS ,Cardiovascular/Thoracic Surgery,98765432295,"Pune, Maharashtra",Yerwada
296,Deepika Verma,PsyD ,Nephrology,98765432296,"Pune, Maharashtra",Wakad
297,Aarav Agarwal,MD-PhD,Proctologist ,98765432297,"Pune, Maharashtra",Kalyani Nagar
298,Aarav Agarwal,MD ,General Surgery,98765432298,"Pune, Maharashtra",Swargate
299,Aisha Joshi,PhD ,Medical Microbiology and Infectious Diseases,98765432299,"Pune, Maharashtra",Model Colony
300,Chetan Singh,EdD ,Hematology,98765432300,"Pune, Maharashtra",NIBM (Nanded City)
301,Aarav Agarwal,PsyD ,Nuclear Medicine,98765432301,"Pune, Maharashtra",Hinjewadi
302,Avani Rajput,DC ,General Surgery,98765432302,"Pune, Maharashtra",Dhanori
303,Raj singh,DVM ,Anatomical Pathology,98765432303,"Pune, Maharashtra",Pimpri-Chinchwad
304,Abhinav Chauhan,DMD ,Psychiatry,98765432304,"Pune, Maharashtra",Tingale Nagar
305,Advik Gupta,JD ,Critical Care Medicine,98765432305,"Pune, Maharashtra",NIBM (Nanded City)
306,Deepika Verma,PsyD ,Proctologist ,98765432306,"Pune, Maharashtra",NIBM (Nanded City)
307,Avani Rajput,JD ,Medical Oncology,98765432307,"Pune, Maharashtra",Ravet
308,Aisha Joshi,EdD ,Nuclear Medicine,98765432308,"Pune, Maharashtra",Koregaon Park
309,Aaradhya Bansal,DVM ,Nuclear Medicine,98765432309,"Pune, Maharashtra",Ravet
310,Aaradhya Bansal,PhD ,Diagnostic Radiology,98765432310,"Pune, Maharashtra",Katraj
311,Bhavya Shah,DPT ,Medical Genetics,98765432311,"Pune, Maharashtra",Nigdi
312,Akshay Kumar,MD-PhD,Clinical Immunology/Allergy,98765432312,"Pune, Maharashtra",Magarpatta
313,Deepika Verma,MD-PhD,Pediatrics,98765432313,"Pune, Maharashtra",Bavdhan
314,Aditi Das,DC ,Critical Care Medicine,98765432314,"Pune, Maharashtra",Aundh
315,Eshaan Yadav,MD ,Nuclear Medicine,98765432315,"Pune, Maharashtra",Bavdhan
316,Bhavya Shah,EdD ,Neurosurgery,98765432316,"Pune, Maharashtra",Wakad Chowk
317,Eshaan Yadav,DO ,Proctologist ,98765432317,"Pune, Maharashtra",Mundhwa
318,Deepika Verma,PharmD ,Gastroenterologist,98765432318,"Pune, Maharashtra",Moshi
319,Advik Gupta,DO ,Clinical Immunology/Allergy,98765432319,"Pune, Maharashtra",Aundh Road
320,Chetan Singh,EdD ,Anatomical Pathology,98765432320,"Pune, Maharashtra",Ravet
321,Deepika Verma,JD ,General Surgery,98765432321,"Pune, Maharashtra",Akurdi
322,Ananya Mishra,MD ,Otolaryngologist,98765432322,"Pune, Maharashtra",Model Colony
323,Deepika Verma,MBBS ,ENT/general physician,98765432323,"Pune, Maharashtra",Baner
324,Aditi Das,DMD ,Anatomical Pathology,98765432324,"Pune, Maharashtra",Hadapsar
325,Deepika Verma,BDS ,General Internal Medicine,98765432325,"Pune, Maharashtra",Akurdi
326,Avani Rajput,DPT ,Geriatric Medicine,98765432326,"Pune, Maharashtra",Camp
327,Bhavya Shah,DMD ,Radiation Oncology,98765432327,"Pune, Maharashtra",Warje
328,Aditi Das,DMD ,Medical Biochemistry,98765432328,"Pune, Maharashtra",Sahakar Nagar
329,Abhinav Chauhan,DMD ,General Surgery,98765432329,"Pune, Maharashtra",Magarpatta
330,Abhinav Chauhan,MD ,Gastroenterologist,98765432330,"Pune, Maharashtra",Dhayari
331,Bhavya Shah,PhD ,Occupational Medicine,98765432331,"Pune, Maharashtra",Sahakar Nagar
332,Advik Gupta,BDS ,Emergency Medicine,98765432332,"Pune, Maharashtra",Viman Nagar
333,Deepika Verma,DVM ,Critical Care Medicine,98765432333,"Pune, Maharashtra",Koregaon Park
334,Avani Rajput,MBBS ,Gastroenterologist,98765432334,"Pune, Maharashtra",Ganeshwadi
335,Eshaan Yadav,DO ,Diagnostic Radiology,98765432335,"Pune, Maharashtra",Kothrud
336,Avani Rajput,PhD ,Anatomical Pathology,98765432336,"Pune, Maharashtra",Magarpatta
337,Aditi Das,JD ,Hematology,98765432337,"Pune, Maharashtra",Model Colony
338,Eshaan Yadav,BDS ,Medical Genetics,98765432338,"Pune, Maharashtra",Mohammadwadi
339,Abhinav Chauhan,MD-PhD,Geriatric Medicine,98765432339,"Pune, Maharashtra",Sahakar Nagar
340,Advik Gupta,PharmD ,Rheumatologist,98765432340,"Pune, Maharashtra",Dhanori
341,Aarav Agarwal,PsyD ,ENT/general physician,98765432341,"Pune, Maharashtra",Kondhwa Khurd
342,Avani Rajput,MD ,Psychiatry,98765432342,"Pune, Maharashtra",Sahakar Nagar
343,Daksh Tiwari,MD ,Phlebologist ,98765432343,"Pune, Maharashtra",Ganeshwadi
344,Aisha Joshi,JD ,Family Medicine,98765432344,"Pune, Maharashtra",Deccan Gymkhana
345,Aditi Das,DO ,Ophthalmology,98765432345,"Pune, Maharashtra",Tingale Nagar
346,Chetan Singh,DO ,Nuclear Medicine,98765432346,"Pune, Maharashtra",NIBM (Nanded City)
347,Aisha Joshi,PhD ,Medical Biochemistry,98765432347,"Pune, Maharashtra",Hinjewadi
348,Aditi Das,JD ,Otolaryngologist,98765432348,"Pune, Maharashtra",Shivaji Nagar
349,Ananya Mishra,BDS ,Diagnostic Radiology,98765432349,"Pune, Maharashtra",Bavdhan
350,Abhinav Chauhan,DPT ,Plastic Surgery,98765432350,"Pune, Maharashtra",Tingale Nagar
351,Aisha Joshi,DMD ,Hematology,98765432351,"Pune, Maharashtra",Shivaji Nagar
352,Ananya Mishra,PhD ,Anatomical Pathology,98765432352,"Pune, Maharashtra",Ganeshwadi
353,Daksh Tiwari,MBBS ,Obstetrics/Gynecology,98765432353,"Pune, Maharashtra",Tingale Nagar
354,Daksh Tiwari,JD ,Anatomical Pathology,98765432354,"Pune, Maharashtra",Sahakar Nagar
355,Akshay Kumar,DVM ,Otolaryngologist,98765432355,"Pune, Maharashtra",Ganeshwadi
356,Arjun Patel,PhD ,Dermatologist,98765432356,"Pune, Maharashtra",Viman Nagar
357,Aarav Agarwal,DNP ,Anatomical Pathology,98765432357,"Pune, Maharashtra",Moshi
358,Aditi Das,EdD ,Obstetrics/Gynecology,98765432358,"Pune, Maharashtra",Yerwada
359,Aditi Das,MD ,Family Medicine,98765432359,"Pune, Maharashtra",Bibwewadi
360,Arjun Patel,DNP ,General Surgery,98765432360,"Pune, Maharashtra",Hinjewadi
361,Bhavya Shah,PsyD ,Cardiologist,98765432361,"Pune, Maharashtra",Bavdhan
362,Akshay Kumar,MD ,Family Medicine,98765432362,"Pune, Maharashtra",Pune Satara Road
363,Aaradhya Bansal,BDS ,Orthopedic Surgery,98765432363,"Pune, Maharashtra",Pimple Gaurav
364,Aisha Joshi,MD-PhD,Anatomical Pathology,98765432364,"Pune, Maharashtra",Dhayari
365,Ananya Mishra,DNP ,Rheumatologist,98765432365,"Pune, Maharashtra",Pimple Gaurav
366,Arjun Patel,EdD ,Clinical Immunology/Allergy,98765432366,"Pune, Maharashtra",Kondhwa Khurd
367,Akshay Kumar,DC ,Anesthesiology,98765432367,"Pune, Maharashtra",Pimple Nilach
368,Raj singh,PharmD ,Medical Oncology,98765432368,"Pune, Maharashtra",Mundhwa
369,Arnav khobe,JD ,Pediatrics,98765432369,"Pune, Maharashtra",Aundh
370,Aarav Agarwal,MD-PhD,Plastic Surgery,98765432370,"Pune, Maharashtra",Magarpatta
371,Avani Rajput,DVM ,Neurosurgery,98765432371,"Pune, Maharashtra",Hinjewadi
372,Chetan Singh,DPT ,Hematology,98765432372,"Pune, Maharashtra",Wakad Chowk
373,Akshay Kumar,JD ,Medical Microbiology and Infectious Diseases,98765432373,"Pune, Maharashtra",Shivaji Nagar
374,Advik Gupta,PhD ,Anatomical Pathology,98765432374,"Pune, Maharashtra",Kondhwa
375,Aarav Agarwal,PhD ,Nuclear Medicine,98765432375,"Pune, Maharashtra",Aundh
376,Ananya Mishra,DC ,General Surgery,98765432376,"Pune, Maharashtra",Magarpatta
377,Abhinav Chauhan,MBBS ,Diagnostic Radiology,98765432377,"Pune, Maharashtra",Hadapsar
378,Aisha Joshi,BDS ,Phlebologist ,98765432378,"Pune, Maharashtra",Akurdi
379,Aaradhya Bansal,MD-PhD,Respirology,98765432379,"Pune, Maharashtra",Dhankawdi
380,Abhinav Chauhan,BDS ,Obstetrics/Gynecology,98765432380,"Pune, Maharashtra",Tingale Nagar
381,Eshaan Yadav,PsyD ,Medical Biochemistry,98765432381,"Pune, Maharashtra",Model Colony
382,Daksh Tiwari,MD-PhD,Cardiologist,98765432382,"Pune, Maharashtra",Lohegaon
383,Advik Gupta,PsyD ,Nephrology,98765432383,"Pune, Maharashtra",Bhosari
384,Bhavya Shah,DVM ,Plastic Surgery,98765432384,"Pune, Maharashtra",Kondhwa
385,Arjun Patel,DVM ,General Surgery,98765432385,"Pune, Maharashtra",Pune Satara Road
386,Daksh Tiwari,EdD ,Diagnostic Radiology,98765432386,"Pune, Maharashtra",Ganeshwadi
387,Advik Gupta,JD ,Otolaryngologist,98765432387,"Pune, Maharashtra",Dhanori
388,Avani Rajput,MBBS ,Dermatologist,98765432388,"Pune, Maharashtra",Theur
389,Aditi Das,DPT ,ENT/general physician,98765432389,"Pune, Maharashtra",Magarpatta
390,Aaradhya Bansal,DVM ,Pediatrics,98765432390,"Pune, Maharashtra",Yerwada
391,Daksh Tiwari,PharmD ,Medical Biochemistry,98765432391,"Pune, Maharashtra",Yerwada
392,Daksh Tiwari,DMD ,General Surgery,98765432392,"Pune, Maharashtra",Dhankawadi
393,Aisha Joshi,MD-PhD,Rheumatologist,98765432393,"Pune, Maharashtra",Tingale Nagar
394,Aditya Kapoor,PharmD ,Occupational Medicine,98765432394,"Pune, Maharashtra",Sahakar Nagar
395,Aisha Joshi,MD ,General Internal Medicine,98765432395,"Pune, Maharashtra",Bund Garden
396,Chetan Singh,MD-PhD,Hematology,98765432396,"Pune, Maharashtra",Tingale Nagar
397,Arjun Patel,EdD ,Medical Oncology,98765432397,"Pune, Maharashtra",Wakad Chowk
398,Aditi Das,DO ,Family Medicine,98765432398,"Pune, Maharashtra",Bibwewadi
399,Arjun Patel,DVM ,Phlebologist ,98765432399,"Pune, Maharashtra",Balewadi
400,Bhavya Shah,PsyD ,Hematology,98765432400,"Pune, Maharashtra",Akurdi
401,Aditi Das,DO ,Hematology,98765432401,"Pune, Maharashtra",Fatima Nagar
402,Aisha Joshi,MBBS ,Diagnostic Radiology,98765432402,"Pune, Maharashtra",Theur
403,Aaradhya Bansal,MD-PhD,Otolaryngologist,98765432403,"Pune, Maharashtra",Warje
404,Arjun Patel,MBBS ,Gastroenterologist,98765432404,"Pune, Maharashtra",Bibwewadi
405,Ananya Mishra,BDS ,Medical Genetics,98765432405,"Pune, Maharashtra",Akurdi
406,Aarav Agarwal,MBBS ,Orthopedic Surgery,98765432406,"Pune, Maharashtra",Model Colony
407,Aaradhya Bansal,JD ,Dermatologist,98765432407,"Pune, Maharashtra",Ganeshwadi
408,Advik Gupta,MD ,General Surgery,98765432408,"Pune, Maharashtra",Theur
409,Chetan Singh,DC ,Anatomical Pathology,98765432409,"Pune, Maharashtra",Pimple Nilach
410,Aaradhya Bansal,MD ,General Internal Medicine,98765432410,"Pune, Maharashtra",Lohegaon
411,Ananya Mishra,MBBS ,Medical Oncology,98765432411,"Pune, Maharashtra",Shivaji Nagar
412,Abhinav Chauhan,MD ,Nephrology,98765432412,"Pune, Maharashtra",Magarpatta
413,Arjun Patel,DO ,Cardiologist,98765432413,"Pune, Maharashtra",Yerwada
414,Arnav khobe,MD-PhD,Dermatologist,98765432414,"Pune, Maharashtra",Tingale Nagar
415,Akshay Kumar,JD ,General Surgery,98765432415,"Pune, Maharashtra",Warje
416,Samyak Nagdevte,JD ,Diagnostic Radiology,98765432416,"Pune, Maharashtra",Pimpri-Chinchwad
417,Ananya Mishra,BDS ,Medical Oncology,98765432417,"Pune, Maharashtra",Viman Nagar
418,Eshaan Yadav,MBBS ,Medical Oncology,98765432418,"Pune, Maharashtra",Pimple Nilach
419,Akshay Kumar,BDS ,Radiation Oncology,98765432419,"Pune, Maharashtra",Deccan Gymkhana
420,Advik Gupta,DMD ,Rheumatologist,98765432420,"Pune, Maharashtra",Theur
421,Chetan Singh,MBBS ,Critical Care Medicine,98765432421,"Pune, Maharashtra",Nigdi
422,Aisha Joshi,PhD ,Rheumatologist,98765432422,"Pune, Maharashtra",Bibwewadi
423,Akshay Kumar,DPT ,Critical Care Medicine,98765432423,"Pune, Maharashtra",Dhankawdi
424,Avani Rajput,DO ,Cardiovascular/Thoracic Surgery,98765432424,"Pune, Maharashtra",Swargate
425,Aaradhya Bansal,BDS ,Family Medicine,98765432425,"Pune, Maharashtra",Pune Satara Road
426,Aarav Agarwal,EdD ,Hematology,98765432426,"Pune, Maharashtra",Pimpri-Chinchwad
427,Chetan Singh,DO ,Psychiatry,98765432427,"Pune, Maharashtra",Kothrud
428,Arjun Patel,PsyD ,Phlebologist ,98765432428,"Pune, Maharashtra",Dhankawdi
429,Avani Rajput,PsyD ,Plastic Surgery,98765432429,"Pune, Maharashtra",Balewadi
430,Avani Rajput,DMD ,Plastic Surgery,98765432430,"Pune, Maharashtra",Kalyani Nagar
431,Aditi Das,DC ,Clinical Immunology/Allergy,98765432431,"Pune, Maharashtra",Dhayari
432,Aditi Das,MD ,Medical Biochemistry,98765432432,"Pune, Maharashtra",Bund Garden
433,Akshay Kumar,MD ,Nephrology,98765432433,"Pune, Maharashtra",Swargate
434,Bhavya Shah,MBBS ,Clinical Immunology/Allergy,98765432434,"Pune, Maharashtra",Mohammadwadi
435,Abhinav Chauhan,EdD ,Medical Oncology,98765432435,"Pune, Maharashtra",Viman Nagar
436,Daksh Tiwari,DVM ,Clinical Immunology/Allergy,98765432436,"Pune, Maharashtra",Theur
437,Akshay Kumar,JD ,Gastroenterologist,98765432437,"Pune, Maharashtra",Kharadi
438,Akshay Kumar,MBBS ,Hematology,98765432438,"Pune, Maharashtra",Bhosari
439,Aaradhya Bansal,BDS ,Anesthesiology,98765432439,"Pune, Maharashtra",Kondhwa Khurd
440,Bhavya Shah,MD ,Endocrinologist,98765432440,"Pune, Maharashtra",Shivaji Nagar
441,Aaradhya Bansal,DNP ,Anesthesiology,98765432441,"Pune, Maharashtra",Akurdi
442,Aisha Joshi,BDS ,Critical Care Medicine,98765432442,"Pune, Maharashtra",Bibwewadi
443,Deepika Verma,DMD ,Neurosurgery,98765432443,"Pune, Maharashtra",Dhankawadi
444,Arjun Patel,PsyD ,Diagnostic Radiology,98765432444,"Pune, Maharashtra",Shivaji Nagar
445,Aditi Das,JD ,Orthopedic Surgery,98765432445,"Pune, Maharashtra",Baner
446,Aarav Agarwal,MD-PhD,Emergency Medicine,98765432446,"Pune, Maharashtra",Akurdi
447,Daksh Tiwari,BDS ,Medical Biochemistry,98765432447,"Pune, Maharashtra",Tingale Nagar
448,Arjun Patel,DO ,Nephrology,98765432448,"Pune, Maharashtra",Hinjewadi
449,Eshaan Yadav,DNP ,Geriatric Medicine,98765432449,"Pune, Maharashtra",Deccan Gymkhana
450,Chetan Singh,JD ,Geriatric Medicine,98765432450,"Pune, Maharashtra",Warje
451,Daksh Tiwari,MD ,Hematology,98765432451,"Pune, Maharashtra",Katraj
452,Aarav Agarwal,DMD ,Critical Care Medicine,98765432452,"Pune, Maharashtra",Yerwada
453,Chetan Singh,BDS ,Cardiologist,98765432453,"Pune, Maharashtra",Pune Satara Road
454,Bhavya Shah,DVM ,Medical Microbiology and Infectious Diseases,98765432454,"Pune, Maharashtra",Fatima Nagar
455,Abhinav Chauhan,DPT ,Emergency Medicine,98765432455,"Pune, Maharashtra",Ganeshwadi
456,Aditi Das,BDS ,Obstetrics/Gynecology,98765432456,"Pune, Maharashtra",Mohammadwadi
457,Arjun Patel,DVM ,ENT/general physician,98765432457,"Pune, Maharashtra",Kondhwa
458,Eshaan Yadav,DPT ,Emergency Medicine,98765432458,"Pune, Maharashtra",Camp
459,Advik Gupta,DMD ,Cardiologist,98765432459,"Pune, Maharashtra",Bavdhan
460,Ananya Mishra,PharmD ,Obstetrics/Gynecology,98765432460,"Pune, Maharashtra",Firodiya Nagar
461,Avani Rajput,PsyD ,Diagnostic Radiology,98765432461,"Pune, Maharashtra",Koregaon Park
462,Akshay Kumar,MD ,Family Medicine,98765432462,"Pune, Maharashtra",Theur
463,Samyak Nagdevte,DPT ,Dermatologist,98765432463,"Pune, Maharashtra",Pimple Nilach
464,Avani Rajput,DVM ,Obstetrics/Gynecology,98765432464,"Pune, Maharashtra",Model Colony
465,Advik Gupta,DPT ,Family Medicine,98765432465,"Pune, Maharashtra",Nigdi
466,Aarav Agarwal,DC ,Diagnostic Radiology,98765432466,"Pune, Maharashtra",Pimple Nilach
467,Ananya Mishra,MBBS ,Critical Care Medicine,98765432467,"Pune, Maharashtra",Deccan Gymkhana
468,Avani Rajput,MD ,Medical Microbiology and Infectious Diseases,98765432468,"Pune, Maharashtra",Bibwewadi
469,Daksh Tiwari,BDS ,General Internal Medicine,98765432469,"Pune, Maharashtra",Aundh
470,Akshay Kumar,MD ,Anatomical Pathology,98765432470,"Pune, Maharashtra",Mundhwa
471,Arjun Patel,PhD ,Obstetrics/Gynecology,98765432471,"Pune, Maharashtra",Yerwada
472,Abhinav Chauhan,DMD ,Cardiologist,98765432472,"Pune, Maharashtra",Pimple Nilach
473,Daksh Tiwari,DNP ,Radiation Oncology,98765432473,"Pune, Maharashtra",Kothrud
474,Akshay Kumar,DNP ,Clinical Immunology/Allergy,98765432474,"Pune, Maharashtra",Pimple Gaurav
475,Abhinav Chauhan,PharmD ,Respirology,98765432475,"Pune, Maharashtra",Bavdhan
476,Chetan Singh,PharmD ,Respirology,98765432476,"Pune, Maharashtra",Dhankawdi
477,Abhinav Chauhan,PhD ,Ophthalmology,98765432477,"Pune, Maharashtra",Aundh
478,Aditi Das,PhD ,Clinical Immunology/Allergy,98765432478,"Pune, Maharashtra",Tingale Nagar
479,Ananya Mishra,MBBS ,General Internal Medicine,98765432479,"Pune, Maharashtra",Hinjewadi
480,Arjun Patel,DPT ,Obstetrics/Gynecology,98765432480,"Pune, Maharashtra",Bund Garden
481,Chetan Singh,MD-PhD,General Internal Medicine,98765432481,"Pune, Maharashtra",Deccan Gymkhana
482,Aaradhya Bansal,MD-PhD,Cardiologist,98765432482,"Pune, Maharashtra",Theur
483,Ananya Mishra,MD-PhD,Psychiatry,98765432483,"Pune, Maharashtra",Firodiya Nagar
484,Aaradhya Bansal,DNP ,Family Medicine,98765432484,"Pune, Maharashtra",Viman Nagar
485,Chetan Singh,DMD ,Medical Microbiology and Infectious Diseases,98765432485,"Pune, Maharashtra",Magarpatta
486,Bhavya Shah,PhD ,Rheumatologist,98765432486,"Pune, Maharashtra",Bibwewadi
487,Akshay Kumar,PhD ,Family Medicine,98765432487,"Pune, Maharashtra",Dhanori
488,Aaradhya Bansal,BDS ,Otolaryngologist,98765432488,"Pune, Maharashtra",Model Colony
489,Eshaan Yadav,DO ,Medical Biochemistry,98765432489,"Pune, Maharashtra",Balewadi
490,Daksh Tiwari,JD ,Proctologist ,98765432490,"Pune, Maharashtra",Baner
491,Arjun Patel,BDS ,Neurosurgery,98765432491,"Pune, Maharashtra",Balewadi
492,Aisha Joshi,EdD ,Medical Oncology,98765432492,"Pune, Maharashtra",Bund Garden
493,Abhinav Chauhan,DNP ,General Surgery,98765432493,"Pune, Maharashtra",Deccan Gymkhana
494,Samyak Nagdevte,MD ,Hematology,98765432494,"Pune, Maharashtra",Shivaji Nagar
495,Ananya Mishra,JD ,Clinical Immunology/Allergy,98765432495,"Pune, Maharashtra",Baner
496,Raja sarkar,PsyD ,Pediatrics,98765432496,"Pune, Maharashtra",Baner
497,Deepika Verma,MD ,ENT/general physician,98765432497,"Pune, Maharashtra",Deccan Gymkhana
498,Daksh Tiwari,EdD ,Pediatrics,98765432498,"Pune, Maharashtra",Kalyani Nagar
499,Akshay Kumar,MBBS ,Cardiologist,98765432499,"Pune, Maharashtra",Baner
500,Aaradhya Bansal,PhD ,Medical Genetics,98765432500,"Pune, Maharashtra",Pimpri-Chinchwad
501,Avani Rajput,EdD ,General Internal Medicine,98765432501,"Pune, Maharashtra",Aundh Road
502,Aaradhya Bansal,DVM ,Ophthalmology,98765432502,"Pune, Maharashtra",Dhankawadi
503,Advik Gupta,MD-PhD,Pediatrics,98765432503,"Pune, Maharashtra",Wakad Chowk
504,Ananya Mishra,DC ,Nephrology,98765432504,"Pune, Maharashtra",Bavdhan
505,Aarav Agarwal,DVM ,Critical Care Medicine,98765432505,"Pune, Maharashtra",Aundh Road
506,Avani Rajput,MD-PhD,Medical Microbiology and Infectious Diseases,98765432506,"Pune, Maharashtra",Aundh Road
507,Ananya Mishra,PhD ,Obstetrics/Gynecology,98765432507,"Pune, Maharashtra",NIBM (Nanded City)
508,Advik Gupta,MD-PhD,Dermatologist,98765432508,"Pune, Maharashtra",Tingale Nagar
509,Akshay Kumar,PsyD ,Respirology,98765432509,"Pune, Maharashtra",Dhankawdi
510,Abhinav Chauhan,BDS ,Pediatrics,98765432510,"Pune, Maharashtra",Dhankawdi
511,Avani Rajput,DNP ,Rheumatologist,98765432511,"Pune, Maharashtra",Koregaon Park
512,Aaradhya Bansal,JD ,Nephrology,98765432512,"Pune, Maharashtra",Mohammadwadi
513,Daksh Tiwari,EdD ,Plastic Surgery,98765432513,"Pune, Maharashtra",Aundh Road
514,Arjun Patel,PhD ,Anatomical Pathology,98765432514,"Pune, Maharashtra",Pimple Gaurav
515,Arjun Patel,MD-PhD,Rheumatologist,98765432515,"Pune, Maharashtra",Shivaji Nagar
516,Deepika Verma,MBBS ,Cardiologist,98765432516,"Pune, Maharashtra",Aundh Road
517,Deepika Verma,DNP ,Nuclear Medicine,98765432517,"Pune, Maharashtra",Mohammadwadi
518,Avani Rajput,PsyD ,Orthopedic Surgery,98765432518,"Pune, Maharashtra",Moshi
519,Eshaan Yadav,DNP ,ENT/general physician,98765432519,"Pune, Maharashtra",Koregaon Park
520,Daksh Tiwari,JD ,General Internal Medicine,98765432520,"Pune, Maharashtra",Aundh
521,Akshay Kumar,DC ,Anesthesiology,98765432521,"Pune, Maharashtra",Moshi
522,Aarav Agarwal,DPT ,Plastic Surgery,98765432522,"Pune, Maharashtra",Viman Nagar
523,Deepika Verma,JD ,Geriatric Medicine,98765432523,"Pune, Maharashtra",Kharadi
524,Aarav Agarwal,DC ,Nuclear Medicine,98765432524,"Pune, Maharashtra",Theur
525,Daksh Tiwari,PhD ,General Surgery,98765432525,"Pune, Maharashtra",Kondhwa
526,Abhinav Chauhan,DMD ,Clinical Immunology/Allergy,98765432526,"Pune, Maharashtra",Wakad
527,Advik Gupta,DPT ,Gastroenterologist,98765432527,"Pune, Maharashtra",Fatima Nagar
528,Bhavya Shah,PsyD ,Cardiologist,98765432528,"Pune, Maharashtra",Camp
529,Chetan Singh,MD ,General Surgery,98765432529,"Pune, Maharashtra",Hadapsar
530,Deepika Verma,PhD ,Geriatric Medicine,98765432530,"Pune, Maharashtra",Pimple Gaurav
531,Advik Gupta,DC ,Pediatrics,98765432531,"Pune, Maharashtra",Pune Satara Road
532,Ananya Mishra,MD-PhD,Nuclear Medicine,98765432532,"Pune, Maharashtra",Lohegaon
533,Arjun Patel,MD-PhD,Pediatrics,98765432533,"Pune, Maharashtra",Pimple Gaurav
534,Abhinav Chauhan,DMD ,Plastic Surgery,98765432534,"Pune, Maharashtra",NIBM (Nanded City)
535,Bhavya Shah,MD-PhD,Clinical Immunology/Allergy,98765432535,"Pune, Maharashtra",Kalyani Nagar
536,Akshay Kumar,PhD ,Cardiovascular/Thoracic Surgery,98765432536,"Pune, Maharashtra",Camp
537,Bhavya Shah,PhD ,General Internal Medicine,98765432537,"Pune, Maharashtra",Moshi
538,Aditi Das,EdD ,Psychiatry,98765432538,"Pune, Maharashtra",Warje
539,Advik Gupta,BDS ,Respirology,98765432539,"Pune, Maharashtra",Firodiya Nagar
540,Daksh Tiwari,PhD ,Medical Genetics,98765432540,"Pune, Maharashtra",Swargate
541,Aisha Joshi,BDS ,Nuclear Medicine,98765432541,"Pune, Maharashtra",Pimpri-Chinchwad
542,Abhinav Chauhan,PharmD ,Pediatrics,98765432542,"Pune, Maharashtra",Mohammadwadi
543,Abhinav Chauhan,DNP ,ENT/general physician,98765432543,"Pune, Maharashtra",Hadapsar
544,Daksh Tiwari,DVM ,Cardiologist,98765432544,"Pune, Maharashtra",Kondhwa Khurd
545,Arjun Patel,MD ,Otolaryngologist,98765432545,"Pune, Maharashtra",Hinjewadi
546,Advik Gupta,PhD ,Critical Care Medicine,98765432546,"Pune, Maharashtra",Tingale Nagar
547,Ananya Mishra,PharmD ,Dermatologist,98765432547,"Pune, Maharashtra",Hadapsar
548,Akshay Kumar,PsyD ,Cardiovascular/Thoracic Surgery,98765432548,"Pune, Maharashtra",Wakad
549,Akshay Kumar,PhD ,Proctologist ,98765432549,"Pune, Maharashtra",Hinjewadi
550,Deepika Verma,DNP ,Diagnostic Radiology,98765432550,"Pune, Maharashtra",Kondhwa
551,Arjun Patel,DNP ,Gastroenterologist,98765432551,"Pune, Maharashtra",Firodiya Nagar
552,Daksh Tiwari,PharmD ,Respirology,98765432552,"Pune, Maharashtra",Kharadi
553,Ananya Mishra,PhD ,Psychiatry,98765432553,"Pune, Maharashtra",Moshi
554,Arjun Patel,PharmD ,ENT/general physician,98765432554,"Pune, Maharashtra",Deccan Gymkhana
555,Deepika Verma,BDS ,Anesthesiology,98765432555,"Pune, Maharashtra",Kalyani Nagar
556,Bhavya Shah,PsyD ,Neurologist,98765432556,"Pune, Maharashtra",Ravet
557,Aditi Das,MD-PhD,Radiation Oncology,98765432557,"Pune, Maharashtra",Akurdi
558,Avani Rajput,DPT ,Ophthalmology,98765432558,"Pune, Maharashtra",Aundh Road
559,Deepika Verma,JD ,Nuclear Medicine,98765432559,"Pune, Maharashtra",Fatima Nagar
560,Chetan Singh,DVM ,Diagnostic Radiology,98765432560,"Pune, Maharashtra",Kondhwa Khurd
561,Abhinav Chauhan,PharmD ,Obstetrics/Gynecology,98765432561,"Pune, Maharashtra",Kondhwa Khurd
562,Deepika Verma,MBBS ,Critical Care Medicine,98765432562,"Pune, Maharashtra",Kothrud
563,Daksh Tiwari,DC ,Anesthesiology,98765432563,"Pune, Maharashtra",Bibwewadi
564,Advik Gupta,MD-PhD,Neurosurgery,98765432564,"Pune, Maharashtra",Hinjewadi
565,Chetan Singh,PsyD ,Medical Biochemistry,98765432565,"Pune, Maharashtra",Pune Satara Road
566,Arjun Patel,BDS ,Psychiatry,98765432566,"Pune, Maharashtra",Lohegaon
567,Deepika Verma,DPT ,Neurologist,98765432567,"Pune, Maharashtra",Hinjewadi
568,Deepika Verma,DMD ,Critical Care Medicine,98765432568,"Pune, Maharashtra",Pimpri-Chinchwad
569,Avani Rajput,PhD ,ENT/general physician,98765432569,"Pune, Maharashtra",Moshi
570,Aaradhya Bansal,DPT ,Cardiologist,98765432570,"Pune, Maharashtra",Pune Satara Road
571,Bhavya Shah,MD-PhD,Obstetrics/Gynecology,98765432571,"Pune, Maharashtra",Deccan Gymkhana
572,Aarav Agarwal,BDS ,Otolaryngologist,98765432572,"Pune, Maharashtra",Warje
573,Chetan Singh,JD ,Respirology,98765432573,"Pune, Maharashtra",Mohammadwadi
574,Chetan Singh,DPT ,Family Medicine,98765432574,"Pune, Maharashtra",Aundh
575,Arjun Patel,DNP ,Ophthalmology,98765432575,"Pune, Maharashtra",Bhosari
576,Aditi Das,MBBS ,Medical Oncology,98765432576,"Pune, Maharashtra",Kothrud
577,Arjun Patel,DNP ,Proctologist ,98765432577,"Pune, Maharashtra",Lohegaon
578,Chetan Singh,DVM ,Psychiatry,98765432578,"Pune, Maharashtra",Aundh
579,Chetan Singh,MBBS ,Nephrology,98765432579,"Pune, Maharashtra",Fatima Nagar
580,Aarav Agarwal,DPT ,Medical Microbiology and Infectious Diseases,98765432580,"Pune, Maharashtra",Mohammadwadi
581,Aarav Agarwal,DMD ,Orthopedic Surgery,98765432581,"Pune, Maharashtra",Ganeshwadi
582,Avani Rajput,DPT ,Medical Genetics,98765432582,"Pune, Maharashtra",Fatima Nagar
583,Aditi Das,DO ,Occupational Medicine,98765432583,"Pune, Maharashtra",Bibwewadi
584,Advik Gupta,MD-PhD,Neurologist,98765432584,"Pune, Maharashtra",Koregaon Park
585,Advik Gupta,PsyD ,Medical Genetics,98765432585,"Pune, Maharashtra",Sahakar Nagar
586,Aaradhya Bansal,DO ,Anatomical Pathology,98765432586,"Pune, Maharashtra",Tingale Nagar
587,Daksh Tiwari,EdD ,Proctologist ,98765432587,"Pune, Maharashtra",Kothrud
588,Ananya Mishra,DNP ,Neurologist,98765432588,"Pune, Maharashtra",Dhankawadi
589,Avani Rajput,PsyD ,Nephrology,98765432589,"Pune, Maharashtra",NIBM (Nanded City)
590,Arjun Patel,MBBS ,Endocrinologist,98765432590,"Pune, Maharashtra",Fatima Nagar
591,Eshaan Yadav,MD-PhD,Endocrinologist,98765432591,"Pune, Maharashtra",Kalyani Nagar
592,Aarav Agarwal,PharmD ,Emergency Medicine,98765432592,"Pune, Maharashtra",Koregaon Park
593,Advik Gupta,BDS ,Medical Oncology,98765432593,"Pune, Maharashtra",Ravet
594,Aisha Joshi,MBBS ,Nephrology,98765432594,"Pune, Maharashtra",Yerwada
595,Ananya Mishra,MBBS ,Otolaryngologist,98765432595,"Pune, Maharashtra",Bavdhan
596,Advik Gupta,DPT ,Nephrology,98765432596,"Pune, Maharashtra",Bhosari
597,Bhavya Shah,DC ,Respirology,98765432597,"Pune, Maharashtra",Mundhwa
598,Bhavya Shah,PharmD ,Medical Oncology,98765432598,"Pune, Maharashtra",Sahakar Nagar
599,Daksh Tiwari,BDS ,Orthopedic Surgery,98765432599,"Pune, Maharashtra",Deccan Gymkhana
600,Daksh Tiwari,DC ,Neurologist,98765432600,"Pune, Maharashtra",Hadapsar
601,Abhinav Chauhan,PsyD ,Radiation Oncology,98765432601,"Pune, Maharashtra",Koregaon Park
602,Aditi Das,DMD ,Critical Care Medicine,98765432602,"Pune, Maharashtra",Pimpri-Chinchwad
603,Bhavya Shah,PhD ,Obstetrics/Gynecology,98765432603,"Pune, Maharashtra",Hinjewadi
604,Arjun Patel,PsyD ,Occupational Medicine,98765432604,"Pune, Maharashtra",Aundh Road
605,Aarav Agarwal,PsyD ,Medical Genetics,98765432605,"Pune, Maharashtra",Kharadi
606,Deepika Verma,JD ,Obstetrics/Gynecology,98765432606,"Pune, Maharashtra",Katraj
607,Advik Gupta,MBBS ,Medical Microbiology and Infectious Diseases,98765432607,"Pune, Maharashtra",Kondhwa Khurd
608,Abhinav Chauhan,PharmD ,Pediatrics,98765432608,"Pune, Maharashtra",Hadapsar
609,Arjun Patel,DVM ,Obstetrics/Gynecology,98765432609,"Pune, Maharashtra",Bibwewadi
610,Aisha Joshi,PhD ,Plastic Surgery,98765432610,"Pune, Maharashtra",Kondhwa
611,Ananya Mishra,DPT ,Respirology,98765432611,"Pune, Maharashtra",Deccan Gymkhana
612,Aditi Das,DMD ,Medical Microbiology and Infectious Diseases,98765432612,"Pune, Maharashtra",Moshi
613,Bhavya Shah,DC ,Diagnostic Radiology,98765432613,"Pune, Maharashtra",Mundhwa
614,Aarav Agarwal,PharmD ,Emergency Medicine,98765432614,"Pune, Maharashtra",Bhosari
615,Chetan Singh,MBBS ,General Internal Medicine,98765432615,"Pune, Maharashtra",Pimple Gaurav
616,Ananya Mishra,DO ,Plastic Surgery,98765432616,"Pune, Maharashtra",Bund Garden
617,Advik Gupta,DNP ,Radiation Oncology,98765432617,"Pune, Maharashtra",Lohegaon
618,Bhavya Shah,PharmD ,Nuclear Medicine,98765432618,"Pune, Maharashtra",Theur
619,Daksh Tiwari,DVM ,ENT/general physician,98765432619,"Pune, Maharashtra",Kalyani Nagar
620,Avani Rajput,JD ,General Surgery,98765432620,"Pune, Maharashtra",Mundhwa
621,Arjun Patel,PhD ,Otolaryngologist,98765432621,"Pune, Maharashtra",Wakad
622,Akshay Kumar,MD ,Phlebologist ,98765432622,"Pune, Maharashtra",Tingale Nagar
623,Aisha Joshi,DNP ,Ophthalmology,98765432623,"Pune, Maharashtra",Balewadi
624,Eshaan Yadav,DC ,Neurologist,98765432624,"Pune, Maharashtra",Pimpri-Chinchwad
625,Akshay Kumar,DNP ,Anesthesiology,98765432625,"Pune, Maharashtra",Wakad Chowk
626,Bhavya Shah,BDS ,Nuclear Medicine,98765432626,"Pune, Maharashtra",Wakad
627,Chetan Singh,MD-PhD,Medical Microbiology and Infectious Diseases,98765432627,"Pune, Maharashtra",Shivaji Nagar
628,Aisha Joshi,BDS ,General Internal Medicine,98765432628,"Pune, Maharashtra",Ganeshwadi
629,Deepika Verma,DC ,Phlebologist ,98765432629,"Pune, Maharashtra",Hadapsar
630,Ananya Mishra,PsyD ,Medical Microbiology and Infectious Diseases,98765432630,"Pune, Maharashtra",Theur
631,Aditi Das,PharmD ,Family Medicine,98765432631,"Pune, Maharashtra",Mundhwa
632,Daksh Tiwari,MBBS ,Respirology,98765432632,"Pune, Maharashtra",Dhankawadi
633,Avani Rajput,JD ,General Surgery,98765432633,"Pune, Maharashtra",Akurdi
634,Aisha Joshi,DMD ,Geriatric Medicine,98765432634,"Pune, Maharashtra",Firodiya Nagar
635,Arjun Patel,BDS ,Nuclear Medicine,98765432635,"Pune, Maharashtra",Model Colony
636,Aisha Joshi,BDS ,Medical Genetics,98765432636,"Pune, Maharashtra",Kalyani Nagar
637,Advik Gupta,BDS ,Neurosurgery,98765432637,"Pune, Maharashtra",Hinjewadi
638,Chetan Singh,BDS ,Nephrology,98765432638,"Pune, Maharashtra",Balewadi
639,Ananya Mishra,PhD ,Family Medicine,98765432639,"Pune, Maharashtra",Pimple Nilach
640,Advik Gupta,PsyD ,Clinical Immunology/Allergy,98765432640,"Pune, Maharashtra",Yerwada
641,Deepika Verma,PhD ,Nuclear Medicine,98765432641,"Pune, Maharashtra",Balewadi
642,Advik Gupta,PharmD ,Family Medicine,98765432642,"Pune, Maharashtra",Swargate
643,Ananya Mishra,DO ,Dermatologist,98765432643,"Pune, Maharashtra",Dhankawadi
644,Raja sarkar,PsyD ,Clinical Immunology/Allergy,98765432644,"Pune, Maharashtra",Aundh Road
645,Bhavya Shah,PsyD ,Ophthalmology,98765432645,"Pune, Maharashtra",Mohammadwadi
646,Aisha Joshi,PhD ,ENT/general physician,98765432646,"Pune, Maharashtra",Ravet
647,Deepika Verma,BDS ,Cardiovascular/Thoracic Surgery,98765432647,"Pune, Maharashtra",Firodiya Nagar
648,Ananya Mishra,PsyD ,Endocrinologist,98765432648,"Pune, Maharashtra",Firodiya Nagar
649,Aarav Agarwal,MD ,Psychiatry,98765432649,"Pune, Maharashtra",Hadapsar
650,Advik Gupta,PhD ,Medical Biochemistry,98765432650,"Pune, Maharashtra",Kharadi
651,Aarav Agarwal,MBBS ,Geriatric Medicine,98765432651,"Pune, Maharashtra",Dhayari
652,Aisha Joshi,MD-PhD,Endocrinologist,98765432652,"Pune, Maharashtra",Aundh
653,Bhavya Shah,BDS ,Diagnostic Radiology,98765432653,"Pune, Maharashtra",Wakad Chowk
654,Aditi Das,MBBS ,General Surgery,98765432654,"Pune, Maharashtra",Dhanori
655,Deepika Verma,PhD ,Obstetrics/Gynecology,98765432655,"Pune, Maharashtra",Ganeshwadi
656,Daksh Tiwari,DVM ,Occupational Medicine,98765432656,"Pune, Maharashtra",NIBM (Nanded City)
657,Aditi Das,PhD ,Nephrology,98765432657,"Pune, Maharashtra",Viman Nagar
658,Deepika Verma,DVM ,Diagnostic Radiology,98765432658,"Pune, Maharashtra",Dhankawadi
659,Daksh Tiwari,DNP ,Hematology,98765432659,"Pune, Maharashtra",Warje
660,Bhavya Shah,EdD ,Psychiatry,98765432660,"Pune, Maharashtra",Camp
661,Advik Gupta,DO ,Anatomical Pathology,98765432661,"Pune, Maharashtra",Viman Nagar
662,Ananya Mishra,PharmD ,Endocrinologist,98765432662,"Pune, Maharashtra",Kondhwa Khurd
663,Aarav Agarwal,DMD ,Psychiatry,98765432663,"Pune, Maharashtra",Hadapsar
664,Aditi Das,PharmD ,Family Medicine,98765432664,"Pune, Maharashtra",Sahakar Nagar
665,Avani Rajput,MBBS ,Psychiatry,98765432665,"Pune, Maharashtra",Dhankawdi
666,Akshay Kumar,MBBS ,Radiation Oncology,98765432666,"Pune, Maharashtra",Kalyani Nagar
667,Raja sarkar,EdD ,General Internal Medicine,98765432667,"Pune, Maharashtra",Dhayari
668,Bhavya Shah,MD ,Obstetrics/Gynecology,98765432668,"Pune, Maharashtra",Dhankawadi
669,Akshay Kumar,MD-PhD,ENT/general physician,98765432669,"Pune, Maharashtra",Fatima Nagar
670,Arjun Patel,MD ,Medical Biochemistry,98765432670,"Pune, Maharashtra",Balewadi
671,Daksh Tiwari,JD ,Rheumatologist,98765432671,"Pune, Maharashtra",Bavdhan
672,Chetan Singh,DC ,Phlebologist ,98765432672,"Pune, Maharashtra",Pimple Nilach
673,Avani Rajput,BDS ,Radiation Oncology,98765432673,"Pune, Maharashtra",Warje
674,Abhinav Chauhan,DVM ,Gastroenterologist,98765432674,"Pune, Maharashtra",NIBM (Nanded City)
675,Akshay Kumar,EdD ,Nephrology,98765432675,"Pune, Maharashtra",Mohammadwadi
676,Deepika Verma,PsyD ,Rheumatologist,98765432676,"Pune, Maharashtra",Deccan Gymkhana
677,Abhinav Chauhan,DC ,Diagnostic Radiology,98765432677,"Pune, Maharashtra",Mohammadwadi
678,Raja sarkar,DNP ,Medical Microbiology and Infectious Diseases,98765432678,"Pune, Maharashtra",Sahakar Nagar
679,Eshaan Yadav,PhD ,Hematology,98765432679,"Pune, Maharashtra",Kharadi
680,Manthan pal,DPT ,Gastroenterologist,98765432680,"Pune, Maharashtra",Model Colony
681,Akshay Kumar,DNP ,Otolaryngologist,98765432681,"Pune, Maharashtra",Aundh Road
682,Chetan Singh,DO ,Radiation Oncology,98765432682,"Pune, Maharashtra",Model Colony
683,Akshay Kumar,JD ,Rheumatologist,98765432683,"Pune, Maharashtra",Sahakar Nagar
684,Arjun Patel,PharmD ,Medical Oncology,98765432684,"Pune, Maharashtra",Akurdi
685,Deepika Verma,DO ,Orthopedic Surgery,98765432685,"Pune, Maharashtra",Wakad
686,Ananya Mishra,PhD ,Anatomical Pathology,98765432686,"Pune, Maharashtra",Fatima Nagar
687,Bhavya Shah,MD-PhD,Clinical Immunology/Allergy,98765432687,"Pune, Maharashtra",Nigdi
688,Ananya Mishra,MD ,Geriatric Medicine,98765432688,"Pune, Maharashtra",Ganeshwadi
689,Avani Rajput,PharmD ,Obstetrics/Gynecology,98765432689,"Pune, Maharashtra",Kalyani Nagar
690,Chetan Singh,JD ,Psychiatry,98765432690,"Pune, Maharashtra",Kothrud
691,Arjun Patel,DNP ,Psychiatry,98765432691,"Pune, Maharashtra",Warje
692,Advik Gupta,BDS ,Radiation Oncology,98765432692,"Pune, Maharashtra",Mundhwa
693,Chetan Singh,MD-PhD,Orthopedic Surgery,98765432693,"Pune, Maharashtra",Balewadi
694,Eshaan Yadav,EdD ,Medical Oncology,98765432694,"Pune, Maharashtra",Kondhwa Khurd
695,Aditi Das,MD ,Medical Genetics,98765432695,"Pune, Maharashtra",Kondhwa
696,Abhinav Chauhan,JD ,Dermatologist,98765432696,"Pune, Maharashtra",Kalyani Nagar
697,Aditi Das,PhD ,Dermatologist,98765432697,"Pune, Maharashtra",Viman Nagar
698,Aaradhya Bansal,DPT ,Critical Care Medicine,98765432698,"Pune, Maharashtra",Mohammadwadi
699,Aarav Agarwal,DC ,Proctologist ,98765432699,"Pune, Maharashtra",Magarpatta
700,Arjun Patel,DNP ,Emergency Medicine,98765432700,"Pune, Maharashtra",Bavdhan
701,Eshaan Yadav,MBBS ,Radiation Oncology,98765432701,"Pune, Maharashtra",Kondhwa Khurd
702,Eshaan Yadav,DO ,Nuclear Medicine,98765432702,"Pune, Maharashtra",Kalyani Nagar
703,Chetan Singh,DC ,Psychiatry,98765432703,"Pune, Maharashtra",Baner
704,Avani Rajput,PsyD ,Diagnostic Radiology,98765432704,"Pune, Maharashtra",Pune Satara Road
705,Advik Gupta,JD ,Pediatrics,98765432705,"Pune, Maharashtra",Dhanori
706,Arjun Patel,DO ,Plastic Surgery,98765432706,"Pune, Maharashtra",Aundh Road
707,Ananya Mishra,EdD ,Pediatrics,98765432707,"Pune, Maharashtra",Swargate
708,Deepika Verma,MBBS ,Family Medicine,98765432708,"Pune, Maharashtra",Yerwada
709,Advik Gupta,PsyD ,Orthopedic Surgery,98765432709,"Pune, Maharashtra",Ravet
710,Chetan Singh,MD-PhD,Medical Oncology,98765432710,"Pune, Maharashtra",Pimple Gaurav
711,Eshaan Yadav,PharmD ,Proctologist ,98765432711,"Pune, Maharashtra",Yerwada
712,Ananya Mishra,PharmD ,Medical Oncology,98765432712,"Pune, Maharashtra",Kondhwa
713,Arjun Patel,DC ,Gastroenterologist,98765432713,"Pune, Maharashtra",Mundhwa
714,Avani Rajput,PharmD ,Endocrinologist,98765432714,"Pune, Maharashtra",Kharadi
715,Arjun Patel,DC ,Cardiologist,98765432715,"Pune, Maharashtra",Katraj
716,Aaradhya Bansal,PharmD ,Neurosurgery,98765432716,"Pune, Maharashtra",Kondhwa Khurd
717,Eshaan Yadav,DVM ,Medical Microbiology and Infectious Diseases,98765432717,"Pune, Maharashtra",Bibwewadi
718,Daksh Tiwari,DO ,General Internal Medicine,98765432718,"Pune, Maharashtra",Kothrud
719,Aditi Das,DNP ,Diagnostic Radiology,98765432719,"Pune, Maharashtra",Magarpatta
720,Arjun Patel,MBBS ,ENT/general physician,98765432720,"Pune, Maharashtra",Koregaon Park
721,Eshaan Yadav,MD-PhD,Psychiatry,98765432721,"Pune, Maharashtra",Model Colony
722,Avani Rajput,DNP ,Pediatrics,98765432722,"Pune, Maharashtra",Wakad
723,Aisha Joshi,DPT ,Geriatric Medicine,98765432723,"Pune, Maharashtra",Akurdi
724,Aisha Joshi,EdD ,Clinical Immunology/Allergy,98765432724,"Pune, Maharashtra",Model Colony
725,Eshaan Yadav,PhD ,Medical Biochemistry,98765432725,"Pune, Maharashtra",Model Colony
726,Deepika Verma,EdD ,Emergency Medicine,98765432726,"Pune, Maharashtra",Hadapsar
727,Aditi Das,DVM ,Emergency Medicine,98765432727,"Pune, Maharashtra",Bavdhan
728,Eshaan Yadav,PsyD ,Proctologist ,98765432728,"Pune, Maharashtra",Bibwewadi
729,Avani Rajput,PharmD ,Critical Care Medicine,98765432729,"Pune, Maharashtra",Pimple Nilach
730,Avani Rajput,JD ,Radiation Oncology,98765432730,"Pune, Maharashtra",Katraj
731,Ananya Mishra,DMD ,Medical Genetics,98765432731,"Pune, Maharashtra",Koregaon Park
732,Arjun Patel,PhD ,Pediatrics,98765432732,"Pune, Maharashtra",Bavdhan
733,Aditi Das,DPT ,Geriatric Medicine,98765432733,"Pune, Maharashtra",Deccan Gymkhana
734,Chetan Singh,JD ,Medical Genetics,98765432734,"Pune, Maharashtra",Theur
735,Advik Gupta,DPT ,Proctologist ,98765432735,"Pune, Maharashtra",Model Colony
736,Avani Rajput,DO ,Phlebologist ,98765432736,"Pune, Maharashtra",Camp
737,Akshay Kumar,MD-PhD,Plastic Surgery,98765432737,"Pune, Maharashtra",Bhosari
738,Daksh Tiwari,DC ,Medical Oncology,98765432738,"Pune, Maharashtra",Shivaji Nagar
739,Aditi Das,BDS ,Radiation Oncology,98765432739,"Pune, Maharashtra",Tingale Nagar
740,Aaradhya Bansal,DC ,Gastroenterologist,98765432740,"Pune, Maharashtra",Shivaji Nagar
741,Deepika Verma,BDS ,Endocrinologist,98765432741,"Pune, Maharashtra",Dhankawdi
742,Aisha Joshi,PharmD ,Nephrology,98765432742,"Pune, Maharashtra",Mundhwa
743,Deepika Verma,DPT ,Neurologist,98765432743,"Pune, Maharashtra",Hinjewadi
744,Daksh Tiwari,PsyD ,Psychiatry,98765432744,"Pune, Maharashtra",Bhosari
745,Chetan Singh,MD-PhD,General Surgery,98765432745,"Pune, Maharashtra",Dhankawdi
746,Manthan pal,BDS ,Plastic Surgery,98765432746,"Pune, Maharashtra",Shivaji Nagar
747,Aisha Joshi,DO ,Family Medicine,98765432747,"Pune, Maharashtra",Pimple Gaurav
748,Chetan Singh,PharmD ,Radiation Oncology,98765432748,"Pune, Maharashtra",Bavdhan
749,Daksh Tiwari,DPT ,General Surgery,98765432749,"Pune, Maharashtra",Magarpatta
750,Aaradhya Bansal,DPT ,Medical Genetics,98765432750,"Pune, Maharashtra",Fatima Nagar
751,Bhavya Shah,PhD ,Critical Care Medicine,98765432751,"Pune, Maharashtra",Model Colony
752,Deepika Verma,PhD ,Diagnostic Radiology,98765432752,"Pune, Maharashtra",Deccan Gymkhana
753,Akshay Kumar,DO ,Otolaryngologist,98765432753,"Pune, Maharashtra",Swargate
754,Aarav Agarwal,DO ,Orthopedic Surgery,98765432754,"Pune, Maharashtra",Katraj
755,Aarav Agarwal,DC ,ENT/general physician,98765432755,"Pune, Maharashtra",Katraj
756,Abhinav Chauhan,MD-PhD,Anesthesiology,98765432756,"Pune, Maharashtra",Warje
757,Deepika Verma,JD ,Plastic Surgery,98765432757,"Pune, Maharashtra",Model Colony
758,Chetan Singh,EdD ,Nephrology,98765432758,"Pune, Maharashtra",Model Colony
759,Arjun Patel,PsyD ,Occupational Medicine,98765432759,"Pune, Maharashtra",Lohegaon
760,Akshay Kumar,EdD ,Cardiovascular/Thoracic Surgery,98765432760,"Pune, Maharashtra",Camp
761,Bhavya Shah,DNP ,Plastic Surgery,98765432761,"Pune, Maharashtra",Kharadi
762,Chetan Singh,DVM ,Clinical Immunology/Allergy,98765432762,"Pune, Maharashtra",Magarpatta
763,Daksh Tiwari,DO ,Obstetrics/Gynecology,98765432763,"Pune, Maharashtra",Tingale Nagar
764,Daksh Tiwari,MD ,Cardiovascular/Thoracic Surgery,98765432764,"Pune, Maharashtra",Tingale Nagar
765,Bhavya Shah,DVM ,Clinical Immunology/Allergy,98765432765,"Pune, Maharashtra",Sahakar Nagar
766,Aaradhya Bansal,DO ,Endocrinologist,98765432766,"Pune, Maharashtra",Ravet
767,Advik Gupta,MD-PhD,Cardiologist,98765432767,"Pune, Maharashtra",Dhankawdi
768,Deepika Verma,PharmD ,Geriatric Medicine,98765432768,"Pune, Maharashtra",Kondhwa
769,Manthan pal,PharmD ,General Surgery,98765432769,"Pune, Maharashtra",Mundhwa
770,Arjun Patel,MD-PhD,Proctologist ,98765432770,"Pune, Maharashtra",Bibwewadi
771,Bhavya Shah,PsyD ,Hematology,98765432771,"Pune, Maharashtra",Viman Nagar
772,Aditi Das,DVM ,Psychiatry,98765432772,"Pune, Maharashtra",Lohegaon
773,Deepika Verma,EdD ,Medical Biochemistry,98765432773,"Pune, Maharashtra",Bund Garden
774,Aisha Joshi,DPT ,General Internal Medicine,98765432774,"Pune, Maharashtra",Fatima Nagar
775,Avani Rajput,BDS ,Neurologist,98765432775,"Pune, Maharashtra",Viman Nagar
776,Chetan Singh,EdD ,Neurosurgery,98765432776,"Pune, Maharashtra",Mundhwa
777,Chetan Singh,MBBS ,Nuclear Medicine,98765432777,"Pune, Maharashtra",Wakad Chowk
778,Deepika Verma,BDS ,Neurologist,98765432778,"Pune, Maharashtra",Dhankawadi
779,Bhavya Shah,MD-PhD,Neurosurgery,98765432779,"Pune, Maharashtra",Koregaon Park
780,Aditi Das,MBBS ,Dermatologist,98765432780,"Pune, Maharashtra",Wakad
781,Aditi Das,MD ,Orthopedic Surgery,98765432781,"Pune, Maharashtra",Baner
782,Aaradhya Bansal,DPT ,ENT/general physician,98765432782,"Pune, Maharashtra",Ganeshwadi
783,Bhavya Shah,EdD ,Anatomical Pathology,98765432783,"Pune, Maharashtra",Bhosari
784,Advik Gupta,MD-PhD,Cardiologist,98765432784,"Pune, Maharashtra",Kalyani Nagar
785,Arjun Patel,MD ,Phlebologist ,98765432785,"Pune, Maharashtra",Balewadi
786,Bhavya Shah,DNP ,General Surgery,98765432786,"Pune, Maharashtra",Ganeshwadi
787,Daksh Tiwari,BDS ,Obstetrics/Gynecology,98765432787,"Pune, Maharashtra",Firodiya Nagar
788,Bhavya Shah,MBBS ,Geriatric Medicine,98765432788,"Pune, Maharashtra",Pimple Nilach
789,Deepika Verma,MD ,Family Medicine,98765432789,"Pune, Maharashtra",Mohammadwadi
790,Chetan Singh,DMD ,Geriatric Medicine,98765432790,"Pune, Maharashtra",Katraj
791,Aaradhya Bansal,DPT ,Nephrology,98765432791,"Pune, Maharashtra",Fatima Nagar
792,Eshaan Yadav,DVM ,Family Medicine,98765432792,"Pune, Maharashtra",Model Colony
793,Ananya Mishra,DMD ,Clinical Immunology/Allergy,98765432793,"Pune, Maharashtra",Baner
794,Aarav Agarwal,MBBS ,Critical Care Medicine,98765432794,"Pune, Maharashtra",Swargate
795,Eshaan Yadav,PharmD ,ENT/general physician,98765432795,"Pune, Maharashtra",Viman Nagar
796,Advik Gupta,MD-PhD,Geriatric Medicine,98765432796,"Pune, Maharashtra",Pimpri-Chinchwad
797,Eshaan Yadav,DPT ,Orthopedic Surgery,98765432797,"Pune, Maharashtra",Bhosari
798,Abhinav Chauhan,DVM ,Diagnostic Radiology,98765432798,"Pune, Maharashtra",Swargate
799,Chetan Singh,PharmD ,Neurosurgery,98765432799,"Pune, Maharashtra",Katraj
800,Akshay Kumar,BDS ,Family Medicine,98765432800,"Pune, Maharashtra",Baner
801,Ananya Mishra,DMD ,Medical Biochemistry,98765432801,"Pune, Maharashtra",Firodiya Nagar
802,Advik Gupta,PharmD ,Geriatric Medicine,98765432802,"Pune, Maharashtra",Hinjewadi
803,Aisha Joshi,DMD ,Occupational Medicine,98765432803,"Pune, Maharashtra",Dhankawadi
804,Aisha Joshi,DNP ,Anesthesiology,98765432804,"Pune, Maharashtra",Baner
805,Abhinav Chauhan,DVM ,Phlebologist ,98765432805,"Pune, Maharashtra",Bund Garden
806,Aditi Das,DMD ,Orthopedic Surgery,98765432806,"Pune, Maharashtra",Akurdi
807,Aditi Das,PsyD ,Orthopedic Surgery,98765432807,"Pune, Maharashtra",Moshi
808,Aarav Agarwal,BDS ,Obstetrics/Gynecology,98765432808,"Pune, Maharashtra",Deccan Gymkhana
809,Aarav Agarwal,DNP ,Orthopedic Surgery,98765432809,"Pune, Maharashtra",Fatima Nagar
810,Akshay Kumar,JD ,Neurologist,98765432810,"Pune, Maharashtra",Yerwada
811,Akshay Kumar,PsyD ,Endocrinologist,98765432811,"Pune, Maharashtra",Theur
812,Aarav Agarwal,DVM ,ENT/general physician,98765432812,"Pune, Maharashtra",Pimple Nilach
813,Eshaan Yadav,PsyD ,Geriatric Medicine,98765432813,"Pune, Maharashtra",Aundh
814,Advik Gupta,DPT ,Emergency Medicine,98765432814,"Pune, Maharashtra",Kondhwa
815,Ananya Mishra,JD ,General Internal Medicine,98765432815,"Pune, Maharashtra",Bavdhan
816,Bhavya Shah,PharmD ,Occupational Medicine,98765432816,"Pune, Maharashtra",Kondhwa
817,Aaradhya Bansal,DO ,Pulmonologist,98765432817,"Pune, Maharashtra",Kondhwa
818,Aisha Joshi,PsyD ,Family Medicine,98765432818,"Pune, Maharashtra",Kondhwa
819,Advik Gupta,DO ,Anatomical Pathology,98765432819,"Pune, Maharashtra",Pimpri-Chinchwad
820,Abhinav Chauhan,MD ,Otolaryngologist,98765432820,"Pune, Maharashtra",Nigdi
821,Ananya Mishra,DPT ,Nephrology,98765432821,"Pune, Maharashtra",Dhankawadi
822,Chetan Singh,DO ,Radiation Oncology,98765432822,"Pune, Maharashtra",Kalyani Nagar
823,Manthan pal,DVM ,Pulmonologist,98765432823,"Pune, Maharashtra",Warje
824,Aditi Das,BDS ,Medical Oncology,98765432824,"Pune, Maharashtra",Bhosari
825,Chetan Singh,EdD ,Hematology,98765432825,"Pune, Maharashtra",Ravet
826,Avani Rajput,JD ,Pulmonologist,98765432826,"Pune, Maharashtra",Warje
827,Aditi Das,MBBS ,Nephrology,98765432827,"Pune, Maharashtra",Baner
828,Avani Rajput,DC ,Dermatologist,98765432828,"Pune, Maharashtra",Ravet
829,Ananya Mishra,DO ,Diagnostic Radiology,98765432829,"Pune, Maharashtra",Sahakar Nagar
830,Deepika Verma,BDS ,Anesthesiology,98765432830,"Pune, Maharashtra",Model Colony
831,Abhinav Chauhan,PhD ,Nuclear Medicine,98765432831,"Pune, Maharashtra",Aundh Road
832,Abhinav Chauhan,DC ,General Internal Medicine,98765432832,"Pune, Maharashtra",Sahakar Nagar
833,Akshay Kumar,DMD ,Respirology,98765432833,"Pune, Maharashtra",Bavdhan
834,Chetan Singh,DC ,Rheumatologist,98765432834,"Pune, Maharashtra",Ganeshwadi
835,Deepika Verma,BDS ,Pulmonologist,98765432835,"Pune, Maharashtra",Pimple Nilach
836,Advik Gupta,DO ,Endocrinologist,98765432836,"Pune, Maharashtra",Magarpatta
837,Ananya Mishra,DPT ,Psychiatry,98765432837,"Pune, Maharashtra",Ravet
838,Akshay Kumar,EdD ,Ophthalmology,98765432838,"Pune, Maharashtra",Pimple Gaurav
839,Aisha Joshi,PsyD ,Clinical Immunology/Allergy,98765432839,"Pune, Maharashtra",Bavdhan
840,Aisha Joshi,PharmD ,Pulmonologist,98765432840,"Pune, Maharashtra",Hadapsar
841,Aditi Das,EdD ,Anesthesiology,98765432841,"Pune, Maharashtra",Bund Garden
842,Arjun Patel,PharmD ,ENT/general physician,98765432842,"Pune, Maharashtra",Shivaji Nagar
843,Avani Rajput,DC ,Phlebologist ,98765432843,"Pune, Maharashtra",Shivaji Nagar
844,Aisha Joshi,PharmD ,Medical Biochemistry,98765432844,"Pune, Maharashtra",Aundh
845,Aaradhya Bansal,DMD ,General Surgery,98765432845,"Pune, Maharashtra",Swargate
846,Aditi Das,DPT ,Pulmonologist,98765432846,"Pune, Maharashtra",Firodiya Nagar
847,Manthan pal,MBBS ,Orthopedic Surgery,98765432847,"Pune, Maharashtra",Tingale Nagar
848,Bhavya Shah,DPT ,Critical Care Medicine,98765432848,"Pune, Maharashtra",Lohegaon
849,Om Bharare,MBBS ,Respirology,98765432849,"Pune, Maharashtra",Kondhwa Khurd
850,Deepika Verma,BDS ,Hematology,98765432850,"Pune, Maharashtra",Hadapsar
851,Avani Rajput,JD ,Cardiologist,98765432851,"Pune, Maharashtra",Model Colony
852,Aarav Agarwal,JD ,Anatomical Pathology,98765432852,"Pune, Maharashtra",Pimple Nilach
853,Abhinav Chauhan,DVM ,Gastroenterologist,98765432853,"Pune, Maharashtra",Koregaon Park
854,Abhinav Chauhan,DO ,Radiation Oncology,98765432854,"Pune, Maharashtra",Wakad
855,Deepika Verma,JD ,Critical Care Medicine,98765432855,"Pune, Maharashtra",Pimpri-Chinchwad
856,Bhavya Shah,DPT ,Medical Oncology,98765432856,"Pune, Maharashtra",Mohammadwadi
857,Eshaan Yadav,EdD ,General Surgery,98765432857,"Pune, Maharashtra",Pimple Nilach
858,Aarav Agarwal,MD-PhD,Phlebologist ,98765432858,"Pune, Maharashtra",Kothrud
859,Bhavya Shah,MD-PhD,Neurologist,98765432859,"Pune, Maharashtra",Mundhwa
860,Daksh Tiwari,DC ,Diagnostic Radiology,98765432860,"Pune, Maharashtra",Kalyani Nagar
861,Aditi Das,MBBS ,Dermatologist,98765432861,"Pune, Maharashtra",Wakad
862,Aditi Das,DC ,Phlebologist ,98765432862,"Pune, Maharashtra",Bavdhan
863,Aditi Das,MBBS ,Endocrinologist,98765432863,"Pune, Maharashtra",Mohammadwadi
864,Daksh Tiwari,PsyD ,Obstetrics/Gynecology,98765432864,"Pune, Maharashtra",Moshi
865,Aditi Das,DO ,Occupational Medicine,98765432865,"Pune, Maharashtra",Firodiya Nagar
866,Avani Rajput,BDS ,Respirology,98765432866,"Pune, Maharashtra",Dhayari
867,Bhavya Shah,DO ,Rheumatologist,98765432867,"Pune, Maharashtra",Yerwada
868,Advik Gupta,DMD ,Obstetrics/Gynecology,98765432868,"Pune, Maharashtra",Nigdi
869,Deepika Verma,DVM ,General Surgery,98765432869,"Pune, Maharashtra",Viman Nagar
870,Ananya Mishra,JD ,Critical Care Medicine,98765432870,"Pune, Maharashtra",Dhankawadi
871,Aarav Agarwal,BDS ,Gastroenterologist,98765432871,"Pune, Maharashtra",Hadapsar
872,Aaradhya Bansal,DNP ,General Surgery,98765432872,"Pune, Maharashtra",Dhankawdi
873,Aarav Agarwal,JD ,Cardiologist,98765432873,"Pune, Maharashtra",Shivaji Nagar
874,Avani Rajput,DC ,Nuclear Medicine,98765432874,"Pune, Maharashtra",Dhankawdi
875,Aaradhya Bansal,DO ,Medical Genetics,98765432875,"Pune, Maharashtra",Pimpri-Chinchwad
876,Bhavya Shah,EdD ,Medical Biochemistry,98765432876,"Pune, Maharashtra",Shivaji Nagar
877,Akshay Kumar,PsyD ,Psychiatry,98765432877,"Pune, Maharashtra",Dhanori
878,Advik Gupta,DC ,Otolaryngologist,98765432878,"Pune, Maharashtra",NIBM (Nanded City)
879,Eshaan Yadav,MBBS ,Endocrinologist,98765432879,"Pune, Maharashtra",Bavdhan
880,Deepika Verma,PhD ,Ophthalmology,98765432880,"Pune, Maharashtra",NIBM (Nanded City)
881,Abhinav Chauhan,DNP ,Dermatologist,98765432881,"Pune, Maharashtra",Model Colony
882,Chetan Singh,MD-PhD,Hematology,98765432882,"Pune, Maharashtra",NIBM (Nanded City)
883,Aarav Agarwal,DNP ,Ophthalmology,98765432883,"Pune, Maharashtra",Hadapsar
884,Daksh Tiwari,DVM ,Diagnostic Radiology,98765432884,"Pune, Maharashtra",Nigdi
885,Advik Gupta,DVM ,Geriatric Medicine,98765432885,"Pune, Maharashtra",Wakad
886,Ananya Mishra,MD-PhD,Endocrinologist,98765432886,"Pune, Maharashtra",Warje
887,Aditi Das,DC ,Neurologist,98765432887,"Pune, Maharashtra",Shivaji Nagar
888,Aarav Agarwal,DMD ,Orthopedic Surgery,98765432888,"Pune, Maharashtra",Warje
889,Chetan Singh,DMD ,Endocrinologist,98765432889,"Pune, Maharashtra",Pimple Nilach
890,Aisha Joshi,DNP ,General Internal Medicine,98765432890,"Pune, Maharashtra",Aundh Road
891,Aaradhya Bansal,PharmD ,Neurosurgery,98765432891,"Pune, Maharashtra",Ravet
892,Abhinav Chauhan,DO ,Hematology,98765432892,"Pune, Maharashtra",Lohegaon
893,Abhinav Chauhan,DC ,Pulmonologist,98765432893,"Pune, Maharashtra",Akurdi
894,Deepika Verma,MD ,Orthopedic Surgery,98765432894,"Pune, Maharashtra",Aundh
895,Abhinav Chauhan,PhD ,Nuclear Medicine,98765432895,"Pune, Maharashtra",Bibwewadi
896,Ananya Mishra,EdD ,Nephrology,98765432896,"Pune, Maharashtra",Magarpatta
897,Arjun Patel,DNP ,Dermatologist,98765432897,"Pune, Maharashtra",Wakad
898,Abhinav Chauhan,PsyD ,Nephrology,98765432898,"Pune, Maharashtra",Dhankawadi
899,Bhavya Shah,DMD ,Ophthalmology,98765432899,"Pune, Maharashtra",Mohammadwadi
900,Akshay Kumar,DO ,Nephrology,98765432900,"Pune, Maharashtra",Warje
901,Aditi Das,EdD ,Neurologist,98765432901,"Pune, Maharashtra",Camp
902,Aaradhya Bansal,PsyD ,Emergency Medicine,98765432902,"Pune, Maharashtra",Aundh Road
903,Akshay Kumar,JD ,Medical Genetics,98765432903,"Pune, Maharashtra",Baner
904,Daksh Tiwari,BDS ,Cardiovascular/Thoracic Surgery,98765432904,"Pune, Maharashtra",Bhosari
905,Aaradhya Bansal,MD ,Critical Care Medicine,98765432905,"Pune, Maharashtra",Magarpatta
906,Daksh Tiwari,DC ,Geriatric Medicine,98765432906,"Pune, Maharashtra",Bund Garden
907,Arjun Patel,DVM ,Family Medicine,98765432907,"Pune, Maharashtra",Aundh Road
908,Advik Gupta,JD ,Ophthalmology,98765432908,"Pune, Maharashtra",Bibwewadi
909,Advik Gupta,EdD ,ENT/general physician,98765432909,"Pune, Maharashtra",Kothrud
910,Aaradhya Bansal,DMD ,Neurosurgery,98765432910,"Pune, Maharashtra",Ganeshwadi
911,Aaradhya Bansal,DC ,Pediatrics,98765432911,"Pune, Maharashtra",Kondhwa Khurd
912,Aisha Joshi,EdD ,Medical Oncology,98765432912,"Pune, Maharashtra",Aundh Road
913,Akshay Kumar,DPT ,Medical Genetics,98765432913,"Pune, Maharashtra",Koregaon Park
914,Avani Rajput,PsyD ,Gastroenterologist,98765432914,"Pune, Maharashtra",Mohammadwadi
915,Bhavya Shah,PhD ,Anatomical Pathology,98765432915,"Pune, Maharashtra",Theur
916,Bhavya Shah,MD ,Neurosurgery,98765432916,"Pune, Maharashtra",Baner
917,Akshay Kumar,MD-PhD,Emergency Medicine,98765432917,"Pune, Maharashtra",Katraj
918,Avani Rajput,MD ,ENT/general physician,98765432918,"Pune, Maharashtra",Dhayari
919,Akshay Kumar,DNP ,Nuclear Medicine,98765432919,"Pune, Maharashtra",Tingale Nagar
920,Eshaan Yadav,DNP ,Medical Oncology,98765432920,"Pune, Maharashtra",Pimple Nilach
921,Ananya Mishra,DVM ,Dermatologist,98765432921,"Pune, Maharashtra",Kharadi
922,Daksh Tiwari,PharmD ,ENT/general physician,98765432922,"Pune, Maharashtra",Model Colony
923,Aarav Agarwal,DMD ,Cardiovascular/Thoracic Surgery,98765432923,"Pune, Maharashtra",Kharadi
924,Aaradhya Bansal,DPT ,Nuclear Medicine,98765432924,"Pune, Maharashtra",Dhayari
925,Bhavya Shah,PharmD ,Pediatrics,98765432925,"Pune, Maharashtra",Dhayari
926,Aditi Das,DC ,Medical Biochemistry,98765432926,"Pune, Maharashtra",Aundh Road
927,Avani Rajput,JD ,Nephrology,98765432927,"Pune, Maharashtra",Moshi
928,Ananya Mishra,DNP ,Medical Genetics,98765432928,"Pune, Maharashtra",Sahakar Nagar
929,Akshay Kumar,DO ,Pulmonologist,98765432929,"Pune, Maharashtra",Wakad
930,Aarav Agarwal,DC ,Ophthalmology,98765432930,"Pune, Maharashtra",Swargate
931,Advik Gupta,DNP ,Anatomical Pathology,98765432931,"Pune, Maharashtra",Camp
932,Deepika Verma,EdD ,Anesthesiology,98765432932,"Pune, Maharashtra",Swargate
933,Aditi Das,PsyD ,Pulmonologist,98765432933,"Pune, Maharashtra",Lohegaon
934,Daksh Tiwari,DC ,Diagnostic Radiology,98765432934,"Pune, Maharashtra",Nigdi
935,Advik Gupta,MBBS ,General Surgery,98765432935,"Pune, Maharashtra",Akurdi
936,Akshay Kumar,BDS ,Obstetrics/Gynecology,98765432936,"Pune, Maharashtra",Theur
937,Chetan Singh,PsyD ,Respirology,98765432937,"Pune, Maharashtra",Sahakar Nagar
938,Avani Rajput,DMD ,Pediatrics,98765432938,"Pune, Maharashtra",Aundh
939,Aarav Agarwal,DPT ,Radiation Oncology,98765432939,"Pune, Maharashtra",Warje
940,Abhinav Chauhan,DMD ,Emergency Medicine,98765432940,"Pune, Maharashtra",Fatima Nagar
941,Om Bharare,EdD ,Medical Genetics,98765432941,"Pune, Maharashtra",Hadapsar
942,Ananya Mishra,BDS ,General Surgery,98765432942,"Pune, Maharashtra",Kondhwa
943,Aaradhya Bansal,MD-PhD,Respirology,98765432943,"Pune, Maharashtra",Swargate
944,Ananya Mishra,MD-PhD,Diagnostic Radiology,98765432944,"Pune, Maharashtra",Nigdi
945,Advik Gupta,MD-PhD,ENT/general physician,98765432945,"Pune, Maharashtra",Baner
946,Abhinav Chauhan,PhD ,Orthopedic Surgery,98765432946,"Pune, Maharashtra",Camp
947,Bhavya Shah,PsyD ,Radiation Oncology,98765432947,"Pune, Maharashtra",Fatima Nagar
948,Eshaan Yadav,DVM ,Endocrinologist,98765432948,"Pune, Maharashtra",Kalyani Nagar
949,Eshaan Yadav,PharmD ,Psychiatry,98765432949,"Pune, Maharashtra",Sahakar Nagar
950,Daksh Tiwari,JD ,Otolaryngologist,98765432950,"Pune, Maharashtra",Pimple Gaurav
951,Aditi Das,PhD ,Geriatric Medicine,98765432951,"Pune, Maharashtra",Kondhwa
952,Deepika Verma,MD-PhD,Anatomical Pathology,98765432952,"Pune, Maharashtra",Kharadi
953,Advik Gupta,PharmD ,Otolaryngologist,98765432953,"Pune, Maharashtra",Akurdi
954,Aditi Das,MD-PhD,Occupational Medicine,98765432954,"Pune, Maharashtra",Katraj
955,Abhinav Chauhan,DMD ,Cardiovascular/Thoracic Surgery,98765432955,"Pune, Maharashtra",Moshi
956,Om Bharare,JD ,Geriatric Medicine,98765432956,"Pune, Maharashtra",Pimpri-Chinchwad
957,Eshaan Yadav,MD ,Phlebologist ,98765432957,"Pune, Maharashtra",Camp
958,Ananya Mishra,DC ,Rheumatologist,98765432958,"Pune, Maharashtra",Hadapsar
959,Jaishree meshram,PsyD ,Radiation Oncology,98765432959,"Pune, Maharashtra",Warje
960,Aditi Das,DO ,General Surgery,98765432960,"Pune, Maharashtra",Baner
961,Advik Gupta,DO ,Medical Biochemistry,98765432961,"Pune, Maharashtra",Bavdhan
962,Aditi Das,DMD ,Gastroenterologist,98765432962,"Pune, Maharashtra",Mundhwa
963,Chetan Singh,MD ,Orthopedic Surgery,98765432963,"Pune, Maharashtra",Kalyani Nagar
964,Arjun Patel,DNP ,Respirology,98765432964,"Pune, Maharashtra",Koregaon Park
965,Aaradhya Bansal,DO ,Neurosurgery,98765432965,"Pune, Maharashtra",Lohegaon
966,Bhavya Shah,DNP ,Geriatric Medicine,98765432966,"Pune, Maharashtra",Koregaon Park
967,Chetan Singh,BDS ,Plastic Surgery,98765432967,"Pune, Maharashtra",Wakad Chowk
968,Aditi Das,PhD ,Medical Genetics,98765432968,"Pune, Maharashtra",Aundh Road
969,Avani Rajput,DNP ,Medical Microbiology and Infectious Diseases,98765432969,"Pune, Maharashtra",Fatima Nagar
970,Aaradhya Bansal,DO ,Clinical Immunology/Allergy,98765432970,"Pune, Maharashtra",Kondhwa
971,Chetan Singh,PsyD ,Clinical Immunology/Allergy,98765432971,"Pune, Maharashtra",Hadapsar
972,Arjun Patel,EdD ,Nuclear Medicine,98765432972,"Pune, Maharashtra",Bund Garden
973,Deepika Verma,DC ,Phlebologist ,98765432973,"Pune, Maharashtra",Balewadi
974,Bhavya Shah,PhD ,Emergency Medicine,98765432974,"Pune, Maharashtra",Aundh
975,Bhavya Shah,PsyD ,Family Medicine,98765432975,"Pune, Maharashtra",Kalyani Nagar
976,Daksh Tiwari,DO ,General Surgery,98765432976,"Pune, Maharashtra",Wakad
977,Bhavya Shah,JD ,Family Medicine,98765432977,"Pune, Maharashtra",Wakad
978,Eshaan Yadav,MD-PhD,ENT/general physician,98765432978,"Pune, Maharashtra",Pimpri-Chinchwad
979,Eshaan Yadav,PsyD ,Plastic Surgery,98765432979,"Pune, Maharashtra",Pimple Gaurav
980,Jaishree meshram,MD-PhD,Cardiovascular/Thoracic Surgery,98765432980,"Pune, Maharashtra",Balewadi
981,Eshaan Yadav,DVM ,Neurologist,98765432981,"Pune, Maharashtra",Baner
982,Ananya Mishra,MBBS ,ENT/general physician,98765432982,"Pune, Maharashtra",Kalyani Nagar
983,Avani Rajput,PharmD ,General Surgery,98765432983,"Pune, Maharashtra",Lohegaon
984,Akshay Kumar,JD ,Endocrinologist,98765432984,"Pune, Maharashtra",Akurdi
985,Bhavya Shah,DPT ,General Surgery,98765432985,"Pune, Maharashtra",Ravet
986,Jaishree meshram,MD ,Nuclear Medicine,98765432986,"Pune, Maharashtra",Kharadi
987,Akshay Kumar,PsyD ,General Internal Medicine,98765432987,"Pune, Maharashtra",Pimple Gaurav
988,Avani Rajput,BDS ,ENT/general physician,98765432988,"Pune, Maharashtra",NIBM (Nanded City)
989,Aditi Das,PharmD ,Neurosurgery,98765432989,"Pune, Maharashtra",Nigdi
990,Aarav Agarwal,DNP ,Cardiovascular/Thoracic Surgery,98765432990,"Pune, Maharashtra",Dhankawadi
991,Aditi Das,PhD ,Medical Biochemistry,98765432991,"Pune, Maharashtra",Model Colony
992,Eshaan Yadav,PsyD ,Medical Microbiology and Infectious Diseases,98765432992,"Pune, Maharashtra",Yerwada
993,Avani Rajput,PsyD ,Gastroenterologist,98765432993,"Pune, Maharashtra",Aundh Road
994,Abhinav Chauhan,DVM ,Dermatologist,98765432994,"Pune, Maharashtra",Deccan Gymkhana
995,Arjun Patel,DC ,General Internal Medicine,98765432995,"Pune, Maharashtra",Bhosari
996,Akshay Kumar,PharmD ,Ophthalmology,98765432996,"Pune, Maharashtra",Shivaji Nagar
997,Bhavya Shah,DMD ,Dermatologist,98765432997,"Pune, Maharashtra",Warje
998,Arjun Patel,EdD ,Cardiologist,98765432998,"Pune, Maharashtra",Aundh Road
999,Daksh Tiwari,MBBS ,Neurologist,98765432999,"Pune, Maharashtra",Dhankawadi
1000,Bhavya Shah,DNP ,Otolaryngologist,9.88E+11,"Pune, Maharashtra",Katraj
